"","Date","Price"
"1",2020-10-15,188.498355019962
"2",2020-10-16,146.488071584356
"3",2020-10-17,151.352419098306
"4",2020-10-18,142.5740675586
"5",2020-10-19,138.08601258687
"6",2020-10-20,133.337022216472
"7",2020-10-21,130.779875332693
"8",2020-10-22,131.510482127015
"9",2020-10-23,126.030884962295
"10",2020-10-24,124.470026896852
"11",2020-10-25,119.588198402403
"12",2020-10-26,113.97575733772
"13",2020-10-27,118.724747708118
"14",2020-10-28,115.802285875351
"15",2020-10-29,114.706364132042
"16",2020-10-30,103.747158250776
"17",2020-10-31,108.612382045354
"18",2020-11-01,108.213865047787
"19",2020-11-02,104.843079994085
"20",2020-11-03,111.053295504953
"21",2020-11-04,108.861452018335
"22",2020-11-05,119.820657899601
"23",2020-11-06,118.359432759131
"24",2020-11-07,118.027336136296
"25",2020-11-08,119.106653704818
"26",2020-11-09,119.090051105279
"27",2020-11-10,122.743119732367
"28",2020-11-11,119.820657899601
"29",2020-11-12,115.071679081029
"30",2020-11-13,116.89820761866
"31",2020-11-14,120.634301845436
"32",2020-11-15,124.60286292057
"33",2020-11-16,125.300266616147
"34",2020-11-17,131.145178729854
"35",2020-11-18,132.606403870324
"36",2020-11-19,131.510482127015
"37",2020-11-20,134.798247356942
"38",2020-11-21,132.656219545186
"39",2020-11-22,131.759557350826
"40",2020-11-23,131.510482127015
"41",2020-11-24,132.241100473163
"42",2020-11-25,127.126806705604
"43",2020-11-26,128.588031846074
"44",2020-11-27,130.049256986544
"45",2020-11-28,130.148887286102
"46",2020-11-29,131.228202754291
"47",2020-11-30,131.145178729854
"48",2020-12-01,132.241100473163
"49",2020-12-02,132.971707267485
"50",2020-12-03,138.451315984031
"51",2020-12-04,136.990090843561
"52",2020-12-05,135.13034292961
"53",2020-12-06,133.652508363522
"54",2020-12-07,131.875785524176
"55",2020-12-08,132.971707267485
"56",2020-12-09,131.510482127015
"57",2020-12-10,132.606403870324
"58",2020-12-11,131.875785524176
"59",2020-12-12,130.547398507756
"60",2020-12-13,128.338952421599
"61",2020-12-14,128.222716897087
"62",2020-12-15,125.665570013308
"63",2020-12-16,126.396188359456
"64",2020-12-17,117.99412936197
"65",2020-12-18,118.359432759131
"66",2020-12-19,118.093757036112
"67",2020-12-20,116.034755349126
"68",2020-12-21,115.802285875351
"69",2020-12-22,112.879835594411
"70",2020-12-23,111.783913851102
"71",2020-12-24,115.43698247819
"72",2020-12-25,114.259882202179
"73",2020-12-26,114.575901108447
"74",2020-12-27,114.964230789721
"75",2020-12-28,114.341060734881
"76",2020-12-29,115.802285875351
"77",2020-12-30,116.89820761866
"78",2020-12-31,116.167593893243
"79",2021-01-01,116.021471379196
"80",2021-01-02,115.875348865149
"81",2021-01-03,115.619634176771
"82",2021-01-04,115.43698247819
"83",2021-01-05,115.802285875351
"84",2021-01-06,115.802285875351
"85",2021-01-07,114.706364132042
"86",2021-01-08,117.263511015821
"87",2021-01-09,115.603027376568
"88",2021-01-10,115.154697854637
"89",2021-01-11,112.879835594411
"90",2021-01-12,112.149217248263
"91",2021-01-13,123.108423129528
"92",2021-01-14,121.281894591897
"93",2021-01-15,114.706364132042
"94",2021-01-16,119.405540402827
"95",2021-01-17,121.929478411947
"96",2021-01-18,120.91657964291
"97",2021-01-19,126.761491756617
"98",2021-01-20,128.588031846074
"99",2021-01-21,126.396188359456
"100",2021-01-22,140.643159470649
"101",2021-01-23,139.480817352607
"102",2021-01-24,146.023130536475
"103",2021-01-25,148.679903519148
"104",2021-01-26,153.794208838533
"105",2021-01-27,151.602365351915
"106",2021-01-28,160.735031143723
"107",2021-01-29,149.410521865296
"108",2021-01-30,156.384562496639
"109",2021-01-31,160.801455194037
"110",2021-02-01,158.908502606092
"111",2021-02-02,169.867708487358
"112",2021-02-03,169.867708487358
"113",2021-02-04,176.443227395387
"114",2021-02-05,177.539149138696
"115",2021-02-06,175.44693857705
"116",2021-02-07,175.295123853179
"117",2021-02-08,179.365689228153
"118",2021-02-09,168.771786744049
"119",2021-02-10,169.13709014121
"120",2021-02-11,170.159951205087
"121",2021-02-12,170.561788407511
"122",2021-02-13,171.328932472645
"123",2021-02-14,172.379189558535
"124",2021-02-15,165.484021514121
"125",2021-02-16,181.192217765784
"126",2021-02-17,181.922836111933
"127",2021-02-18,176.443227395387
"128",2021-02-19,171.328933627828
"129",2021-02-20,171.494983777035
"130",2021-02-21,167.177722954445
"131",2021-02-22,165.849336463108
"132",2021-02-23,166.945258206417
"133",2021-02-24,154.159512235694
"134",2021-02-25,154.890130581842
"135",2021-02-26,150.871747005767
"136",2021-02-27,153.307129941101
"137",2021-02-28,152.750472469688
"138",2021-03-01,152.79976090287
"139",2021-03-02,151.237061954754
"140",2021-03-03,155.255433979003
"141",2021-03-04,155.620737376164
"142",2021-03-05,151.602365351915
"143",2021-03-06,151.735202425799
"144",2021-03-07,150.440022183707
"145",2021-03-08,151.967668749076
"146",2021-03-09,146.122756635369
"147",2021-03-10,141.00846286781
"148",2021-03-11,154.524815632855
"149",2021-03-12,166.57994325743
"150",2021-03-13,159.307015928078
"151",2021-03-14,160.867873468438
"152",2021-03-15,159.273806003253
"153",2021-03-16,160.004424349401
"154",2021-03-17,168.771786744049
"155",2021-03-18,170.963630230667
"156",2021-03-19,165.11871811696
"157",2021-03-20,166.314268059495
"158",2021-03-21,166.198033585149
"159",2021-03-22,168.0411683979
"160",2021-03-23,162.19626783602
"161",2021-03-24,160.004424349401
"162",2021-03-25,172.059551973976
"163",2021-03-26,176.808542344374
"164",2021-03-27,173.089051767303
"165",2021-03-28,174.184970360115
"166",2021-03-29,172.790158768298
"167",2021-03-30,177.173845741535
"168",2021-03-31,177.539149138696
"169",2021-04-01,174.616698857755
"170",2021-04-02,177.539149138696
"171",2021-04-03,179.814016649752
"172",2021-04-04,183.716158925403
"173",2021-04-05,181.192217765784
"174",2021-04-06,189.22897336611
"175",2021-04-07,201.649415939672
"176",2021-04-08,195.073885479817
"177",2021-04-09,188.498355019962
"178",2021-04-10,189.079528966939
"179",2021-04-11,185.741952787897
"180",2021-04-12,184.479982995712
"181",2021-04-13,184.479982995712
"182",2021-04-14,172.059551973976
"183",2021-04-15,182.653454458081
"184",2021-04-16,184.089900931539
"185",2021-04-17,181.038920832605
"186",2021-04-18,180.186370861506
"187",2021-04-19,178.545024397457
"188",2021-04-20,178.914682833062
"189",2021-04-21,178.914682833062
"190",2021-04-22,188.525802158805
"191",2021-04-23,191.113411208044
"192",2021-04-24,188.391380909494
"193",2021-04-25,188.643420751952
"194",2021-04-26,191.483069643649
"195",2021-04-27,189.265119030016
"196",2021-04-28,180.393316575484
"197",2021-04-29,180.023658139879
"198",2021-04-30,179.653999704273
"199",2021-05-01,179.090710659541
"200",2021-05-02,177.583912464882
"201",2021-05-03,174.848440041402
"202",2021-05-04,177.066390655035
"203",2021-05-05,181.132633446695
"204",2021-05-06,185.568534673961
"205",2021-05-07,186.677509980778
"206",2021-05-08,187.102617181724
"207",2021-05-09,188.296965984383
"208",2021-05-10,191.113411208044
"209",2021-05-11,191.483069643649
"210",2021-05-12,181.871950317906
"211",2021-05-13,177.805707526246
"212",2021-05-14,179.284341268668
"213",2021-05-15,181.942361448498
"214",2021-05-16,184.570456897826
"215",2021-05-17,183.720242495934
"216",2021-05-18,192.592044950466
"217",2021-05-19,192.592044950466
"218",2021-05-20,196.658287742126
"219",2021-05-21,193.331361821677
"220",2021-05-22,194.089161614668
"221",2021-05-23,193.595403561395
"222",2021-05-24,194.809995564099
"223",2021-05-25,192.592044950466
"224",2021-05-26,191.483069643649
"225",2021-05-27,187.047168416383
"226",2021-05-28,192.961703386071
"227",2021-05-29,192.356807764171
"228",2021-05-30,193.885849475085
"229",2021-05-31,195.918970870915
"230",2021-06-01,192.961703386071
"231",2021-06-02,194.809995564099
"232",2021-06-03,199.245896791365
"233",2021-06-04,196.658287742126
"234",2021-06-05,196.523866492815
"235",2021-06-06,196.490261180487
"236",2021-06-07,196.288629306521
"237",2021-06-08,195.918970870915
"238",2021-06-09,193.701020257282
"239",2021-06-10,201.463847404998
"240",2021-06-11,203.681798018631
"241",2021-06-12,204.353904265186
"242",2021-06-13,208.420147056847
"243",2021-06-14,208.487357681502
"244",2021-06-15,213.662575779979
"245",2021-06-16,215.880526393612
"246",2021-06-17,219.577110749667
"247",2021-06-18,231.406180689043
"248",2021-06-19,227.423951178202
"249",2021-06-20,230.70046913016
"250",2021-06-21,227.709596332988
"251",2021-06-22,239.90832470797
"252",2021-06-23,237.690374094337
"253",2021-06-24,238.060032529942
"254",2021-06-25,232.145497560254
"255",2021-06-26,231.406180689043
"256",2021-06-27,227.188713991908
"257",2021-06-28,230.666863817832
"258",2021-06-29,213.662575779979
"259",2021-06-30,216.250184829218
"260",2021-07-01,223.273695105722
"261",2021-07-02,224.013011976933
"262",2021-07-03,222.920839326281
"263",2021-07-04,223.727366822147
"264",2021-07-05,226.600621026172
"265",2021-07-06,223.273695105722
"266",2021-07-07,219.946769185273
"267",2021-07-08,217.359160136034
"268",2021-07-09,227.709596332988
"269",2021-07-10,225.222803220733
"270",2021-07-11,227.407148522038
"271",2021-07-12,226.970279461777
"272",2021-07-13,228.448913204199
"273",2021-07-14,235.842081916309
"274",2021-07-15,236.211740351915
"275",2021-07-16,234.733106609493
"276",2021-07-17,233.069643649268
"277",2021-07-18,230.885298347963
"278",2021-07-19,232.884814431465
"279",2021-07-20,226.230962590566
"280",2021-07-21,220.686086056484
"281",2021-07-22,222.904036670117
"282",2021-07-23,224.013011976933
"283",2021-07-24,222.635194171495
"284",2021-07-25,221.610232145498
"285",2021-07-26,221.055744492089
"286",2021-07-27,220.686086056484
"287",2021-07-28,221.055744492089
"288",2021-07-29,219.577110749667
"289",2021-07-30,214.032234215585
"290",2021-07-31,216.989501700429
"291",2021-08-01,217.174330918232
"292",2021-08-02,217.72881857164
"293",2021-08-03,215.510867958007
"294",2021-08-04,218.468135442851
"295",2021-08-05,220.686086056484
"296",2021-08-06,229.18823007541
"297",2021-08-07,225.710080249486
"298",2021-08-08,227.037490086433
"299",2021-08-09,227.709596332988
"300",2021-08-10,231.775839124649
"301",2021-08-11,222.534378234511
"302",2021-08-12,224.382670412539
"303",2021-08-13,221.055744492089
"304",2021-08-14,221.692378464521
"305",2021-08-15,218.679368834625
"306",2021-08-16,215.613550856786
"307",2021-08-17,215.510867958007
"308",2021-08-18,216.619843264823
"309",2021-08-19,210.705308295135
"310",2021-08-20,202.572822711814
"311",2021-08-21,208.554568306158
"312",2021-08-22,209.663543612974
"313",2021-08-23,209.596332988319
"314",2021-08-24,213.292917344374
"315",2021-08-25,211.074966730741
"316",2021-08-26,212.183942037557
"317",2021-08-27,210.33564985953
"318",2021-08-28,211.46142782251
"319",2021-08-29,211.579046415657
"320",2021-08-30,211.444625166346
"321",2021-08-31,214.032234215585
"322",2021-09-01,211.444625166346
"323",2021-09-02,207.378382374686
"324",2021-09-03,207.748040810291
"325",2021-09-04,209.344293145861
"326",2021-09-05,209.865175486941
"327",2021-09-06,211.814283601952
"328",2021-09-07,211.444625166346
"329",2021-09-08,207.00872393908
"330",2021-09-09,205.530090196658
"331",2021-09-10,199.245896791365
"332",2021-09-11,202.186361620045
"333",2021-09-12,201.480650061162
"334",2021-09-13,195.179653999704
"335",2021-09-14,209.596332988319
"336",2021-09-15,206.639065503475
"337",2021-09-16,204.421114889842
"338",2021-09-17,204.421114889842
"339",2021-09-18,205.061856178225
"340",2021-09-19,204.143871063138
"341",2021-09-20,201.895115579871
"342",2021-09-21,200.090830358463
"343",2021-09-22,199.3691162699
"344",2021-09-23,199.985213662576
"345",2021-09-24,198.136921484548
"346",2021-09-25,202.028062911975
"347",2021-09-26,205.723720805785
"348",2021-09-27,205.530090196658
"349",2021-09-28,209.596332988319
"350",2021-09-29,212.183942037557
"351",2021-09-30,220.686086056484
"352",2021-10-01,215.510867958007
"353",2021-10-02,215.736770335321
"354",2021-10-03,215.431655436091
"355",2021-10-04,214.463502390458
"356",2021-10-05,216.619843264823
"357",2021-10-06,209.226674552713
"358",2021-10-07,215.510867958007
"359",2021-10-08,207.748040810291
"360",2021-10-09,209.411503770516
"361",2021-10-10,207.510403244545
"362",2021-10-11,206.967650779569
"363",2021-10-12,203.681798018631
"364",2021-10-13,202.94248114742
"365",2021-10-14,213.292917344374
"366",2021-10-15,226.600621026172
"367",2021-10-16,222.265535735889
"368",2021-10-17,227.675991020661
"369",2021-10-18,225.491645719355
"370",2021-10-19,238.060032529942
"371",2021-10-20,236.211740351915
"372",2021-10-21,244.344225935236
"373",2021-10-22,240.277983143575
"374",2021-10-23,242.613552350356
"375",2021-10-24,244.88191093248
"376",2021-10-25,241.017300014786
"377",2021-10-26,252.846369954162
"378",2021-10-27,257.651929617034
"379",2021-10-28,246.562176548869
"380",2021-10-29,247.671151855685
"381",2021-10-30,251.686986678854
"382",2021-10-31,254.896294006156
"383",2021-11-01,257.651929617034
"384",2021-11-02,257.282271181428
"385",2021-11-03,256.173295874612
"386",2021-11-04,263.566464586722
"387",2021-11-05,283.528020109419
"388",2021-11-06,277.848722326025
"389",2021-11-07,283.914481201188
"390",2021-11-08,290.181871950318
"391",2021-11-09,287.594262901079
"392",2021-11-10,284.636995416235
"393",2021-11-11,287.594262901079
"394",2021-11-12,293.139139435162
"395",2021-11-13,294.281720054306
"396",2021-11-14,299.137687685669
"397",2021-11-15,300.901966582877
"398",2021-11-16,306.077184681354
"399",2021-11-17,306.077184681354
"400",2021-11-18,304.968209374538
"401",2021-11-19,296.096406920006
"402",2021-11-20,296.970145040528
"403",2021-11-21,292.651862406409
"404",2021-11-22,290.181871950318
"405",2021-11-23,290.181871950318
"406",2021-11-24,285.376312287446
"407",2021-11-25,285.006653851841
"408",2021-11-26,275.025876090492
"409",2021-11-27,276.907773580848
"410",2021-11-28,271.866976731682
"411",2021-11-29,272.807925476859
"412",2021-11-30,269.48099955641
"413",2021-12-01,260.609197101878
"414",2021-12-02,243.97456749963
"415",2021-12-03,262.0878308443
"416",2021-12-04,254.91309666232
"417",2021-12-05,252.207869019935
"418",2021-12-06,247.671151855685
"419",2021-12-07,250.998077776135
"420",2021-12-08,252.107053082951
"421",2021-12-09,262.0878308443
"422",2021-12-10,260.239538666272
"423",2021-12-11,255.433979003401
"424",2021-12-12,251.434946836396
"425",2021-12-13,249.519444033713
"426",2021-12-14,245.083542806447
"427",2021-12-15,245.822859677658
"428",2021-12-16,246.192518113263
"429",2021-12-17,244.713884370841
"430",2021-12-18,245.033134837955
"431",2021-12-19,245.100345462611
"432",2021-12-20,240.277983143575
"433",2021-12-21,249.149785598107
"434",2021-12-22,252.107053082951
"435",2021-12-23,252.107053082951
"436",2021-12-24,251.737394647346
"437",2021-12-25,253.26643635826
"438",2021-12-26,255.165136504779
"439",2021-12-27,252.107053082951
"440",2021-12-28,264.675439893538
"441",2021-12-29,258.391246488245
"442",2021-12-30,258.021588052639
"443",2021-12-31,258.044691704865
"444",2022-01-01,254.472867070827
"445",2022-01-02,245.748927990537
"446",2022-01-03,240.485916013603
"447",2022-01-04,249.519444033713
"448",2022-01-05,232.145497560254
"449",2022-01-06,220.686086056484
"450",2022-01-07,223.643353541328
"451",2022-01-08,223.021655263264
"452",2022-01-09,219.325070907209
"453",2022-01-10,218.468135442851
"454",2022-01-11,213.662575779979
"455",2022-01-12,219.577110749667
"456",2022-01-13,215.510867958007
"457",2022-01-14,209.965991423924
"458",2022-01-15,210.722110951299
"459",2022-01-16,208.453752369175
"460",2022-01-17,207.00872393908
"461",2022-01-18,205.160431761053
"462",2022-01-19,202.94248114742
"463",2022-01-20,212.923258908768
"464",2022-01-21,210.705308295135
"465",2022-01-22,207.00872393908
"466",2022-01-23,202.808059898109
"467",2022-01-24,204.790773325447
"468",2022-01-25,200.354872098181
"469",2022-01-26,185.938193109567
"470",2022-01-27,178.545024397457
"471",2022-01-28,175.218098477007
"472",2022-01-29,179.210409581547
"473",2022-01-30,177.482256395091
"474",2022-01-31,178.853073093795
"475",2022-02-01,180.498933271372
"476",2022-02-02,181.379072403766
"477",2022-02-03,175.957415348218
"478",2022-02-04,192.22238651486
"479",2022-02-05,186.268940130898
"480",2022-02-06,185.920590326919
"481",2022-02-07,184.459559367145
"482",2022-02-08,184.459559367145
"483",2022-02-09,190.743752772438
"484",2022-02-10,188.525802158805
"485",2022-02-11,186.307851545172
"486",2022-02-12,186.576694043794
"487",2022-02-13,186.072614358878
"488",2022-02-14,187.786485287594
"489",2022-02-15,176.696732219429
"490",2022-02-16,189.634777465622
"491",2022-02-17,192.22238651486
"492",2022-02-18,194.070678692888
"493",2022-02-19,195.801352277768
"494",2022-02-20,200.90935975159
"495",2022-02-21,203.681798018631
"496",2022-02-22,203.681798018631
"497",2022-02-23,208.117699245897
"498",2022-02-24,209.226674552713
"499",2022-02-25,211.814283601952
"500",2022-02-26,210.520479077333
"501",2022-02-27,210.992820411717
"502",2022-02-28,211.814283601952
"503",2022-03-01,210.271361435946
"504",2022-03-02,211.814283601952
"505",2022-03-03,205.899748632264
"506",2022-03-04,205.899748632264
"507",2022-03-05,205.862782788703
"508",2022-03-06,204.772290403667
"509",2022-03-07,204.421114889842
"510",2022-03-08,202.572822711814
"511",2022-03-09,204.113066193504
"512",2022-03-10,202.572822711814
"513",2022-03-11,209.965991423924
"514",2022-03-12,208.376460150821
"515",2022-03-13,209.789963597445
"516",2022-03-14,210.705308295135
"517",2022-03-15,210.705308295135
"518",2022-03-16,210.705308295135
"519",2022-03-17,210.705308295135
"520",2022-03-18,211.074966730741
"521",2022-03-19,211.595849071821
"522",2022-03-20,212.788837659457
"523",2022-03-21,211.074966730741
"524",2022-03-22,213.662575779979
"525",2022-03-23,219.946769185273
"526",2022-03-24,221.7950613633
"527",2022-03-25,222.534378234511
"528",2022-03-26,221.912679956448
"529",2022-03-27,222.937641982445
"530",2022-03-28,222.534378234511
"531",2022-03-29,221.055744492089
"532",2022-03-30,228.818571639805
"533",2022-03-31,228.818571639805
"534",2022-04-01,238.799349401153
"535",2022-04-02,232.447945371204
"536",2022-04-03,230.683666473996
"537",2022-04-04,231.775839124649
"538",2022-04-05,230.297205382227
"539",2022-04-06,221.7950613633
"540",2022-04-07,214.40189265119
"541",2022-04-08,209.596332988319
"542",2022-04-09,212.923258908768
"543",2022-04-10,211.84788891428
"544",2022-04-11,208.487357681502
"545",2022-04-12,209.596332988319
"546",2022-04-13,222.904036670117
"547",2022-04-14,219.577110749667
"548",2022-04-15,217.359160136034
"549",2022-04-16,214.015431559421
"550",2022-04-17,208.907424085599
"551",2022-04-18,206.639065503475
"552",2022-04-19,207.00872393908
"553",2022-04-20,195.179653999704
"554",2022-04-21,192.961703386071
"555",2022-04-22,188.1561437232
"556",2022-04-23,190.592528866963
"557",2022-04-24,189.197908405361
"558",2022-04-25,185.198876238356
"559",2022-04-26,192.592044950466
"560",2022-04-27,192.592044950466
"561",2022-04-28,191.483069643649
"562",2022-04-29,185.938193109567
"563",2022-04-30,187.971314505397
"564",2022-05-01,187.029565633735
"565",2022-05-02,186.677509980778
"566",2022-05-03,187.416826851989
"567",2022-05-04,182.611267189117
"568",2022-05-05,182.241608753512
"569",2022-05-06,178.175365961851
"570",2022-05-07,177.673686656387
"571",2022-05-08,172.630489427769
"572",2022-05-09,168.694714319263
"573",2022-05-10,170.412538814136
"574",2022-05-11,168.564246636108
"575",2022-05-12,157.474493567943
"576",2022-05-13,158.953127310365
"577",2022-05-14,160.582984958262
"578",2022-05-15,160.381353084296
"579",2022-05-16,159.322785745971
"580",2022-05-17,161.910394795209
"581",2022-05-18,162.64971166642
"582",2022-05-19,161.540736359604
"583",2022-05-20,163.389028537631
"584",2022-05-21,162.498487760945
"585",2022-05-22,162.12882932534
"586",2022-05-23,163.389028537631
"587",2022-05-24,159.322785745971
"588",2022-05-25,162.280053230815
"589",2022-05-26,158.58346887476
"590",2022-05-27,161.540736359604
"591",2022-05-28,163.160192363209
"592",2022-05-29,166.253881413574
"593",2022-05-30,168.564246636108
"594",2022-05-31,170.782197249741
"595",2022-06-01,169.057124550249
"596",2022-06-02,167.824929764897
"597",2022-06-03,168.564246636108
"598",2022-06-04,167.640100547094
"599",2022-06-05,166.260990229643
"600",2022-06-06,165.175710976391
"601",2022-06-07,163.758686973237
"602",2022-06-08,164.128345408842
"603",2022-06-09,168.194588200503
"604",2022-06-10,165.237320715659
"605",2022-06-11,157.625717473418
"606",2022-06-12,146.95603080935
"607",2022-06-13,147.124057370989
"608",2022-06-14,142.688156143723
"609",2022-06-15,107.200946325595
"610",2022-06-16,109.418896939228
"611",2022-06-17,109.788555374834
"612",2022-06-18,110.880728025486
"613",2022-06-19,109.133251784442
"614",2022-06-20,110.527872246045
"615",2022-06-21,110.527872246045
"616",2022-06-22,103.134703533935
"617",2022-06-23,103.134703533935
"618",2022-06-24,109.418896939228
"619",2022-06-25,108.242711007756
"620",2022-06-26,109.452502251556
"621",2022-06-27,112.376164424072
"622",2022-06-28,108.679580068017
"623",2022-06-29,109.788555374834
"624",2022-06-30,107.570604761201
"625",2022-07-01,103.50436196954
"626",2022-07-02,106.310405548909
"627",2022-07-03,107.301762262578
"628",2022-07-04,104.982995711962
"629",2022-07-05,110.89753068165
"630",2022-07-06,110.527872246045
"631",2022-07-07,117.181724086944
"632",2022-07-08,121.61762531421
"633",2022-07-09,117.870632989663
"634",2022-07-10,117.786619708844
"635",2022-07-11,117.921040958155
"636",2022-07-12,115.333431908916
"637",2022-07-13,117.181724086944
"638",2022-07-14,120.878308442999
"639",2022-07-15,115.703090344522
"640",2022-07-16,116.106354092455
"641",2022-07-17,114.946970817147
"642",2022-07-18,114.2244566021
"643",2022-07-19,112.745822859678
"644",2022-07-20,113.115481295283
"645",2022-07-21,116.072748780127
"646",2022-07-22,123.465917492237
"647",2022-07-23,122.323336873093
"648",2022-07-24,125.667065449706
"649",2022-07-25,130.489427768742
"650",2022-07-26,127.162501848292
"651",2022-07-27,123.835575927843
"652",2022-07-28,125.314209670265
"653",2022-07-29,129.750110897531
"654",2022-07-30,127.179304504456
"655",2022-07-31,126.792843412687
"656",2022-08-01,128.271477155109
"657",2022-08-02,122.356942185421
"658",2022-08-03,126.053526541476
"659",2022-08-04,128.271477155109
"660",2022-08-05,129.380452461925
"661",2022-08-06,129.565281679728
"662",2022-08-07,131.329560576936
"663",2022-08-08,131.228744639953
"664",2022-08-09,136.034304302824
"665",2022-08-10,130.859086204347
"666",2022-08-11,133.446695253586
"667",2022-08-12,135.294987431613
"668",2022-08-13,134.884255836496
"669",2022-08-14,136.139920998711
"670",2022-08-15,137.554011204758
"671",2022-08-16,138.252254916457
"672",2022-08-17,137.512938045246
"673",2022-08-18,138.991571787668
"674",2022-08-19,137.882596480852
"675",2022-08-20,136.437568050757
"676",2022-08-21,134.270025405616
"677",2022-08-22,136.034304302824
"678",2022-08-23,127.532160283898
"679",2022-08-24,130.119769333136
"680",2022-08-25,128.271477155109
"681",2022-08-26,129.750110897531
"682",2022-08-27,127.767397470192
"683",2022-08-28,126.036723885312
"684",2022-08-29,121.61762531421
"685",2022-08-30,125.68386810587
"686",2022-08-31,134.186012124797
"687",2022-09-01,123.096259056632
"688",2022-09-02,124.574892799054
"689",2022-09-03,124.205234363448
"690",2022-09-04,122.474560778568
"691",2022-09-05,123.835575927843
"692",2022-09-06,118.660357829366
"693",2022-09-07,116.812065651338
"694",2022-09-08,116.812065651338
"695",2022-09-09,117.666900783676
"696",2022-09-10,117.62531420967
"697",2022-09-11,117.884075114594
"698",2022-09-12,117.967248262605
"699",2022-09-13,119.769333136182
"700",2022-09-14,117.181724086944
"701",2022-09-15,114.963773473311
"702",2022-09-16,113.854798166494
"703",2022-09-17,115.383839877408
"704",2022-09-18,115.451050502063
"705",2022-09-19,116.442407215733
"706",2022-09-20,116.442407215733
"707",2022-09-21,114.963773473311
"708",2022-09-22,110.158213810439
"709",2022-09-23,106.461629454384
"710",2022-09-24,107.217748981759
"711",2022-09-25,104.495718683209
"712",2022-09-26,104.243678840751
"713",2022-09-27,103.50436196954
"714",2022-09-28,96.1111932574301
"715",2022-09-29,97.5898269998521
"716",2022-09-30,99.8077776134851
"717",2022-10-01,98.8630949447155
"718",2022-10-02,98.3819522190068
"719",2022-10-03,97.8773391164342
"720",2022-10-04,99.4381191778796
"721",2022-10-05,96.1111932574301
"722",2022-10-06,96.8505101286411
"723",2022-10-07,90.9359751589531
"724",2022-10-08,92.578901539422
"725",2022-10-09,89.5893622863902
"726",2022-10-10,87.0750981648512
"727",2022-10-11,87.6090492385036
"728",2022-10-12,84.6517817536596
"729",2022-10-13,80.9551973976046
"730",2022-10-14,87.2393908028981
"731",2022-10-15,85.6599411234928
"732",2022-10-16,85.9455862782789
"733",2022-10-17,85.0214401892651
"734",2022-10-18,89.0876829809256
"735",2022-10-19,87.6090492385036
"736",2022-10-20,83.5428064468431
"737",2022-10-21,83.1731480112376
"738",2022-10-22,84.4333472235291
"739",2022-10-23,84.6685844098235
"740",2022-10-24,83.5428064468431
"741",2022-10-25,87.2393908028981
"742",2022-10-26,85.0214401892651
"743",2022-10-27,87.9787076741091
"744",2022-10-28,87.9787076741091
"745",2022-10-29,88.4155767343702
"746",2022-10-30,89.5077493850228
"747",2022-10-31,89.4573414165311
"748",2022-11-01,90.1966582877421
"749",2022-11-02,93.8932426437971
"750",2022-11-03,92.0449504657696
"751",2022-11-04,90.5663167233476
"752",2022-11-05,91.994542497278
"753",2022-11-06,92.733859368489
"754",2022-11-07,91.3056335945586
"755",2022-11-08,95.7415348218246
"756",2022-11-09,96.4808516930356
"757",2022-11-10,93.5235842081916
"758",2022-11-11,104.243678840751
"759",2022-11-12,100.244646673746
"760",2022-11-13,101.067976825777
"761",2022-11-14,100.177436049091
"762",2022-11-15,102.025728227118
"763",2022-11-16,103.874020405146
"764",2022-11-17,105.722312583173
"765",2022-11-18,101.286411355907
"766",2022-11-19,102.227360101085
"767",2022-11-20,101.740083072332
"768",2022-11-21,101.656069791513
"769",2022-11-22,97.5898269998521
"770",2022-11-23,104.243678840751
"771",2022-11-24,105.722312583173
"772",2022-11-25,102.765045098329
"773",2022-11-26,103.537967281868
"774",2022-11-27,104.260481496915
"775",2022-11-28,102.025728227118
"776",2022-11-29,106.461629454384
"777",2022-11-30,105.722312583173
"778",2022-12-01,113.485139730889
"779",2022-12-02,111.636847552861
"780",2022-12-03,110.729504120011
"781",2022-12-04,110.393450996734
"782",2022-12-05,112.376164424072
"783",2022-12-06,107.200946325595
"784",2022-12-07,107.200946325595
"785",2022-12-08,107.200946325595
"786",2022-12-09,115.703090344522
"787",2022-12-10,113.216297232266
"788",2022-12-11,115.014181441802
"789",2022-12-12,116.072748780127
"790",2022-12-13,114.963773473311
"791",2022-12-14,120.508650007393
"792",2022-12-15,116.442407215733
"793",2022-12-16,121.247966878604
"794",2022-12-17,120.491847351229
"795",2022-12-18,122.088099686799
"796",2022-12-19,123.465917492237
"797",2022-12-20,120.138991571788
"798",2022-12-21,124.944551234659
"799",2022-12-22,129.380452461925
"800",2022-12-23,129.380452461925
"801",2022-12-24,127.616173564717
"802",2022-12-25,127.246515129112
"803",2022-12-26,126.792843412687
"804",2022-12-27,126.053526541476
"805",2022-12-28,125.68386810587
"806",2022-12-29,128.271477155109
"807",2022-12-30,127.162501848292
"808",2022-12-31,127.109693500349
"809",2023-01-01,127.080355529269
"810",2023-01-02,125.314209670265
"811",2023-01-03,130.489427768742
"812",2023-01-04,126.792843412687
"813",2023-01-05,127.162501848292
"814",2023-01-06,124.205234363448
"815",2023-01-07,126.389579664753
"816",2023-01-08,127.011277942817
"817",2023-01-09,128.271477155109
"818",2023-01-10,126.053526541476
"819",2023-01-11,129.01079402632
"820",2023-01-12,127.901818719503
"821",2023-01-13,129.01079402632
"822",2023-01-14,129.5316763674
"823",2023-01-15,131.077520734478
"824",2023-01-16,131.968061511164
"825",2023-01-17,130.859086204347
"826",2023-01-18,132.337719946769
"827",2023-01-19,138.991571787668
"828",2023-01-20,138.252254916457
"829",2023-01-21,137.217211296762
"830",2023-01-22,138.060032529942
"831",2023-01-23,139.346443885849
"832",2023-01-24,139.612597959485
"833",2023-01-25,137.956528167973
"834",2023-01-26,141.357385775543
"835",2023-01-27,143.427473014934
"836",2023-01-28,141.276412975363
"837",2023-01-29,140.423158092831
"838",2023-01-30,139.656956971758
"839",2023-01-31,139.656956971758
"840",2023-02-01,140.100547094485
"841",2023-02-02,138.843708413426
"842",2023-02-03,138.917640100547
"843",2023-02-04,139.606549003266
"844",2023-02-05,140.413076499133
"845",2023-02-06,139.656956971758
"846",2023-02-07,140.026615407364
"847",2023-02-08,146.089013751294
"848",2023-02-09,146.089013751294
"849",2023-02-10,146.606535561142
"850",2023-02-11,145.12790181872
"851",2023-02-12,144.19703466724
"852",2023-02-13,139.730888658879
"853",2023-02-14,149.342007984622
"854",2023-02-15,145.793287002809
"855",2023-02-16,140.839863965696
"856",2023-02-17,134.555670560402
"857",2023-02-18,137.926283386878
"858",2023-02-19,136.897960829648
"859",2023-02-20,136.40396273843
"860",2023-02-21,134.629602247523
"861",2023-02-22,138.769776726305
"862",2023-02-23,138.769776726305
"863",2023-02-24,135.442850805855
"864",2023-02-25,136.375798286193
"865",2023-02-26,136.126718911726
"866",2023-02-27,134.851397308887
"867",2023-02-28,136.847552861156
"868",2023-03-01,137.266499088176
"869",2023-03-02,138.252254916457
"870",2023-03-03,138.547981664942
"871",2023-03-04,138.758686973237
"872",2023-03-05,138.81202340466
"873",2023-03-06,141.80097589827
"874",2023-03-07,139.361230223274
"875",2023-03-08,131.006949578589
"876",2023-03-09,130.489427768742
"877",2023-03-10,135.812509241461
"878",2023-03-11,134.34731762397
"879",2023-03-12,134.424609842324
"880",2023-03-13,140.174478781606
"881",2023-03-14,128.419340529351
"882",2023-03-15,128.271477155109
"883",2023-03-16,130.489427768742
"884",2023-03-17,132.633446695254
"885",2023-03-18,133.325716129206
"886",2023-03-19,135.883080397349
"887",2023-03-20,136.034304302824
"888",2023-03-21,140.174478781606
"889",2023-03-22,140.692000591454
"890",2023-03-23,139.287298536153
"891",2023-03-24,138.621913352063
"892",2023-03-25,138.349710322208
"893",2023-03-26,137.489414326617
"894",2023-03-27,134.629602247523
"895",2023-03-28,138.47404997782
"896",2023-03-29,140.544137217211
"897",2023-03-30,138.991571787668
"898",2023-03-31,139.656956971758
"899",2023-04-01,139.058782412324
"900",2023-04-02,139.169679943005
"901",2023-04-03,136.034304302824
"902",2023-04-04,140.692000591454
"903",2023-04-05,140.987727339938
"904",2023-04-06,151.559958598255
"905",2023-04-07,160.431761052787
"906",2023-04-08,157.951689002998
"907",2023-04-09,163.27813100695
"908",2023-04-10,164.128345408842
"909",2023-04-11,165.97663758687
"910",2023-04-12,174.109123170191
"911",2023-04-13,181.132633446695
"912",2023-04-14,191.483069643649
"913",2023-04-15,186.711115293106
"914",2023-04-16,189.382737623163
"915",2023-04-17,192.22238651486
"916",2023-04-18,191.113411208044
"917",2023-04-19,185.938193109567
"918",2023-04-20,190.004435901227
"919",2023-04-21,184.82921780275
"920",2023-04-22,188.576210127297
"921",2023-04-23,190.659739491619
"922",2023-04-24,191.483069643649
"923",2023-04-25,192.592044950466
"924",2023-04-26,195.918970870915
"925",2023-04-27,195.179653999704
"926",2023-04-28,199.61555522697
"927",2023-04-29,200.026286822088
"928",2023-04-30,205.55649437063
"929",2023-05-01,210.618329839699
"930",2023-05-02,210.33564985953
"931",2023-05-03,217.72881857164
"932",2023-05-04,216.250184829218
"933",2023-05-05,214.075723443303
"934",2023-05-06,210.91654168691
"935",2023-05-07,207.748040810291
"936",2023-05-08,206.269407067869
"937",2023-05-09,205.160431761053
"938",2023-05-10,206.639065503475
"939",2023-05-11,205.160431761053
"940",2023-05-12,208.487357681502
"941",2023-05-13,207.563211592489
"942",2023-05-14,208.235317839044
"943",2023-05-15,205.899748632264
"944",2023-05-16,209.965991423924
"945",2023-05-17,215.880526393612
"946",2023-05-18,211.444625166346
"947",2023-05-19,207.748040810291
"948",2023-05-20,206.655868159639
"949",2023-05-21,202.774454585781
"950",2023-05-22,198.876238355759
"951",2023-05-23,201.833505840603
"952",2023-05-24,197.767263048943
"953",2023-05-25,197.397604613337
"954",2023-05-26,199.61555522697
"955",2023-05-27,199.697701545994
"956",2023-05-28,201.252614013223
"957",2023-05-29,202.737115349861
"958",2023-05-30,204.051456454236
"959",2023-05-31,202.572822711814
"960",2023-06-01,205.160431761053
"961",2023-06-02,199.61555522697
"962",2023-06-03,200.465769628863
"963",2023-06-04,198.588726239177
"964",2023-06-05,195.918970870915
"965",2023-06-06,198.490507814258
"966",2023-06-07,198.876238355759
"967",2023-06-08,198.136921484548
"968",2023-06-09,207.378382374686
"969",2023-06-10,208.064890897953
"970",2023-06-11,213.040877501916
"971",2023-06-12,217.359160136034
"972",2023-06-13,217.359160136034
"973",2023-06-14,215.880526393612
"974",2023-06-15,222.164719798906
"975",2023-06-16,219.946769185273
"976",2023-06-17,220.434046214026
"977",2023-06-18,221.425402927695
"978",2023-06-19,222.164719798906
"979",2023-06-20,222.164719798906
"980",2023-06-21,219.207452314062
"981",2023-06-22,226.970279461777
"982",2023-06-23,222.534378234511
"983",2023-06-24,221.475810896187
"984",2023-06-25,218.972215127767
"985",2023-06-26,220.316427620878
"986",2023-06-27,215.880526393612
"987",2023-06-28,210.705308295135
"988",2023-06-29,206.639065503475
"989",2023-06-30,208.117699245897
"990",2023-07-01,208.436949713011
"991",2023-07-02,208.033685965077
"992",2023-07-03,206.639065503475
"993",2023-07-04,211.444625166346
"994",2023-07-05,207.378382374686
"995",2023-07-06,206.639065503475
"996",2023-07-07,211.444625166346
"997",2023-07-08,205.798932695281
"998",2023-07-09,201.110991625556
"999",2023-07-10,197.397604613337
"1000",2023-07-11,199.61555522697
"1001",2023-07-12,194.440337128493
"1002",2023-07-13,191.483069643649
"1003",2023-07-14,189.634777465622
"1004",2023-07-15,192.709663543613
"1005",2023-07-16,194.137889317543
"1006",2023-07-17,195.54931243531
"1007",2023-07-18,195.54931243531
"1008",2023-07-19,194.809995564099
"1009",2023-07-20,198.876238355759
"1010",2023-07-21,189.634777465622
"1011",2023-07-22,193.785033538102
"1012",2023-07-23,194.33952119151
"1013",2023-07-24,193.701020257282
"1014",2023-07-25,200.354872098181
"1015",2023-07-26,190.004435901227
"1016",2023-07-27,193.331361821677
"1017",2023-07-28,191.113411208044
"1018",2023-07-29,191.852728079255
"1019",2023-07-30,190.945384646405
"1020",2023-07-31,194.070678692888
"1021",2023-08-01,187.786485287594
"1022",2023-08-02,186.307851545172
"1023",2023-08-03,183.350584060328
"1024",2023-08-04,201.094188969392
"1025",2023-08-05,195.834957590096
"1026",2023-08-06,198.120118828384
"1027",2023-08-07,202.94248114742
"1028",2023-08-08,201.094188969392
"1029",2023-08-09,191.852728079255
"1030",2023-08-10,189.634777465622
"1031",2023-08-11,188.525802158805
"1032",2023-08-12,188.747597220169
"1033",2023-08-13,186.061412588102
"1034",2023-08-14,186.307851545172
"1035",2023-08-15,180.971912387736
"1036",2023-08-16,178.175365961851
"1037",2023-08-17,177.066390655035
"1038",2023-08-18,174.848440041402
"1039",2023-08-19,175.746181956444
"1040",2023-08-20,175.369322382482
"1041",2023-08-21,176.327073783824
"1042",2023-08-22,174.478781605796
"1043",2023-08-23,173.000147863374
"1044",2023-08-24,171.891172556558
"1045",2023-08-25,175.218098477007
"1046",2023-08-26,176.61271893861
"1047",2023-08-27,179.805223609748
"1048",2023-08-28,180.76297501109
"1049",2023-08-29,185.568534673961
"1050",2023-08-30,181.502291882301
"1051",2023-08-31,186.677509980778
"1052",2023-09-01,184.089900931539
