{"title":"Decision Trees: Classification","markdown":{"yaml":{"title":"Decision Trees: Classification"},"headingText":"Introduction","containsRefs":false,"markdown":"\n\n\n```{python}\n#| warning: false\n#| output: false\n#| echo: false\n\n\nimport pandas as pd\nimport seaborn as sns \nimport matplotlib.pyplot as plt\nfrom sklearn import tree\nfrom IPython.display import Image\nfrom collections import Counter\nimport numpy as np\nfrom sklearn.metrics import accuracy_score\nfrom sklearn.metrics import precision_score\nfrom sklearn.metrics import precision_recall_fscore_support\nfrom sklearn.metrics import recall_score\nfrom sklearn.model_selection import train_test_split\nfrom sklearn.metrics import confusion_matrix, ConfusionMatrixDisplay\n```\n\n\n\nDecision trees represent non-parametric supervised learning models capable of handling both classification and regression tasks. In the context of classification, a decision tree works by predicting the value of a target variable through the acquisition of simple decision rules derived from the features present in the dataset. For the specific case of Long Covid analysis, we'll first apply a decision tree to the Harvard Long Covid Survey data.\n\nIn contrast to the clustering model where the focus was on the hospitalization variable, the classification model shifts attention to a different aspect of the data. The earlier findings from clustering suggested that the symptoms themselves might not directly correlate with hospitalization but could be indicative of another relevant label. In light of this, the decision tree is employed to predict the patient's sex based on a combination of symptoms and demographic information.\n\nThe objective is to unravel patterns within the dataset that link particular symptoms and demographic characteristics to the patient's sex. By constructing a decision tree, the model leverages a tree-like structure where each node represents a decision based on a feature, leading to subsequent nodes or leaves with predicted outcomes. This approach allows for the interpretation of which symptoms and demographics are most influential in determining a patient's sex. \n\n\n## Methods\n\n::: {.panel-tabset}\n\n## Correlarion:\n```{python}\n#| warning: false\n#| code-fold: true\n#| code-summary: \"Date Cleaning\"\n\nharvard_covid = pd.read_csv(\"../../data/01-modified-data/harvard_long_covid_cleaned.csv\")\nX = harvard_covid.loc[:, 'vaccination':'headache_covid'].astype('category')\ny = harvard_covid['sex'].map({'male': 0, 'female': 1})\nprint(X.columns)\n\nX = X.to_numpy()\ny = y.to_numpy()\n\ndf=pd.DataFrame(np.hstack((X,y.reshape(y.shape[0],1))))\ncorr = df.corr()\n\n#Display a correlation map: \nsns.set_theme(style=\"white\")\nf, ax = plt.subplots(figsize=(11, 9))  # Set up the matplotlib figure\ncmap = sns.diverging_palette(230, 20, as_cmap=True)     # Generate a custom diverging colormap\n# Draw the heatmap with the mask and correct aspect ratio\nsns.heatmap(corr,  cmap=cmap, vmin=-1, vmax=1, center=0,\n        square=True, linewidths=.5, cbar_kws={\"shrink\": .5})\nplt.show()\n```\n\n## Hypertuning:\n```{python}\n#| warning: false\n#| code-fold: true\n#| code-summary: \"Hyptertuning the Model\"\n\n\ntest_ratio=0.2\nx_train, x_test, y_train, y_test = train_test_split(X, y, test_size=test_ratio, random_state=0)\ny_train=y_train.flatten()\ny_test=y_test.flatten()\n\ntest_results=[]\ntrain_results=[]\n\nfor num_layer in range(1,20):\n    model = tree.DecisionTreeClassifier(max_depth=num_layer)\n    model = model.fit(x_train,y_train)\n\n    yp_train=model.predict(x_train)\n    yp_test=model.predict(x_test)\n\n    # print(y_pred.shape)\n    test_results.append([num_layer,accuracy_score(y_test, yp_test),recall_score(y_test, yp_test,pos_label=0),recall_score(y_test, yp_test,pos_label=1)])\n    train_results.append([num_layer,accuracy_score(y_train, yp_train),recall_score(y_train, yp_train,pos_label=0),recall_score(y_train, yp_train, pos_label=1)])\n\ntest_df = pd.DataFrame(test_results, columns=['num_layer', 'accuracy', 'recall_0', 'recall_1'])\ntrain_df = pd.DataFrame(train_results, columns=['num_layer', 'accuracy', 'recall_0', 'recall_1'])\n\nplt.figure(figsize=(10, 6))\np1 = sns.lineplot(x='num_layer', y='accuracy', data=train_df, color='blue', marker='o')\nsns.lineplot(x='num_layer', y='accuracy', data=test_df, color='red',  marker='o', ax=p1)\np1.set_xlabel('Number of layers in decision tree (max_depth)')\np1.set_ylabel('ACCURACY (Y=0): Training (blue) and Test (red)')\nplt.show()\n\nplt.figure(figsize=(10, 6))\np2 = sns.lineplot(x='num_layer', y='recall_0', data=train_df, color='blue', marker='o')\nsns.lineplot(x='num_layer', y='recall_0', data=test_df, color='red', marker='o', ax=p2)\np2.set_xlabel('Number of layers in decision tree (max_depth)')\np2.set_ylabel('RECALL (Y=0): Training (blue) and Test (red)')\nplt.show()\n\nplt.figure(figsize=(10, 6))\np3 = sns.lineplot(x='num_layer', y='recall_1', data=train_df, color='blue', marker='o')\nsns.lineplot(x='num_layer', y='recall_1', data=test_df, color='red', marker='o', ax=p3)\np3.set_xlabel('Number of layers in decision tree (max_depth)')\np3.set_ylabel('RECALL (Y=1): Training (blue) and Test (red)')\nplt.show()\n```\n\n## Visualizations:\n```{python}\n#| warning: false\n#| code-fold: true\n#| code-summary: \"Confusion Plot\"\n\nmodel = tree.DecisionTreeClassifier(max_depth= 5)\nmodel = model.fit(X,y)\n\ndef confusion_plot(y_data, y_pred):\n\n    cm = confusion_matrix(y_data, y_pred, labels= model.classes_)\n\n    TP = cm[0,0]\n    FN = cm[0,1]\n    FP = cm[1,0]\n    TN = cm[1,1]\n    \n    print('ACCURACY:',accuracy_score(y_data, y_pred))\n    print('NEGATIVE RECALL (Y=0):', TN/(TN+FP))\n    print('NEGATIVE PRECISION (Y=0):', TN/(TN+FN))\n    print('POSITIVE RECALL (Y=1):', TP/(TP+FN))\n    print('POSITIVE PRECISION (Y=1):', TP/(TP+FP))\n    print(cm)\n\n    #Plotting confusion matrix\n    disp = ConfusionMatrixDisplay(confusion_matrix=cm, display_labels=model.classes_)\n    disp.plot()\n    plt.show()\n\nprint(\"------TRAINING------\")\nconfusion_plot(y_train,yp_train)\nprint(\"------TEST------\")\nconfusion_plot(y_test,yp_test)\n```\n\n## Decision Tree\n\n```{python}\n#| warning: false\n#| code-fold: true\n#| code-summary: \"Decision Tree Plot\"\n\ndef plot_tree(model, X, Y):\n    model = model.fit(x_train, y_train)\n    \n    fig = plt.figure(figsize=(11,8))\n    _ = tree.plot_tree(model, \n                   feature_names=X.columns,  \n                   class_names=Y,\n                   filled=True)\n\n    plt.show()\n\nX_df = harvard_covid.loc[:, 'vaccination':'headache_covid']\nY_df = list(harvard_covid['sex'].unique())\n\nplot_tree(model, X_df, Y_df)\n\n```\n\n:::\n\nIn the heat map of all the variables we will be training on, we can notice a few interesting this. Some things to note is that there are a few variables that are correlated (most due to vaccination or similar symptoms in the body), but not enough such that the analysis of the decision tree would be impacted. \n\nFrom the accuracy, recall 1, and recall 0, we can see that the optimal depth is 5. From here we can take a look at the confusion matrices of the train and test data as well as create our decision tree. \n\n## Conclusion \n\nWhile our testing confusion matrix has a larger number of false positives, we can still make a few conclusions for the decision tree. Firstly, we can say the hospitalization due to long covid, from these survey results, seems to affect women as opposed to men. Additionally, those who experienced tingling seemed to be men over females. Additionally, as previously noted in EDA, those who experienced hair loss were entirely female. Hair loss is common in women due to stress and hormonal changes. This could mean that long covid may be affecting women hormonally or causing abnormal levels of stress, however more data and research would need to be collected to investigate that emerging thought. \n\nThus, decision trees can provide an easy way to classify a number of binary classes. If data was to be publicly released regarding individuals who experienced either Long Covid or Covid and their symptoms, we would be able to create a classifier that determines what symptoms are more highly for those with Long Covid.\n\n\n\n","srcMarkdownNoYaml":"\n\n\n```{python}\n#| warning: false\n#| output: false\n#| echo: false\n\n\nimport pandas as pd\nimport seaborn as sns \nimport matplotlib.pyplot as plt\nfrom sklearn import tree\nfrom IPython.display import Image\nfrom collections import Counter\nimport numpy as np\nfrom sklearn.metrics import accuracy_score\nfrom sklearn.metrics import precision_score\nfrom sklearn.metrics import precision_recall_fscore_support\nfrom sklearn.metrics import recall_score\nfrom sklearn.model_selection import train_test_split\nfrom sklearn.metrics import confusion_matrix, ConfusionMatrixDisplay\n```\n\n\n## Introduction\n\nDecision trees represent non-parametric supervised learning models capable of handling both classification and regression tasks. In the context of classification, a decision tree works by predicting the value of a target variable through the acquisition of simple decision rules derived from the features present in the dataset. For the specific case of Long Covid analysis, we'll first apply a decision tree to the Harvard Long Covid Survey data.\n\nIn contrast to the clustering model where the focus was on the hospitalization variable, the classification model shifts attention to a different aspect of the data. The earlier findings from clustering suggested that the symptoms themselves might not directly correlate with hospitalization but could be indicative of another relevant label. In light of this, the decision tree is employed to predict the patient's sex based on a combination of symptoms and demographic information.\n\nThe objective is to unravel patterns within the dataset that link particular symptoms and demographic characteristics to the patient's sex. By constructing a decision tree, the model leverages a tree-like structure where each node represents a decision based on a feature, leading to subsequent nodes or leaves with predicted outcomes. This approach allows for the interpretation of which symptoms and demographics are most influential in determining a patient's sex. \n\n\n## Methods\n\n::: {.panel-tabset}\n\n## Correlarion:\n```{python}\n#| warning: false\n#| code-fold: true\n#| code-summary: \"Date Cleaning\"\n\nharvard_covid = pd.read_csv(\"../../data/01-modified-data/harvard_long_covid_cleaned.csv\")\nX = harvard_covid.loc[:, 'vaccination':'headache_covid'].astype('category')\ny = harvard_covid['sex'].map({'male': 0, 'female': 1})\nprint(X.columns)\n\nX = X.to_numpy()\ny = y.to_numpy()\n\ndf=pd.DataFrame(np.hstack((X,y.reshape(y.shape[0],1))))\ncorr = df.corr()\n\n#Display a correlation map: \nsns.set_theme(style=\"white\")\nf, ax = plt.subplots(figsize=(11, 9))  # Set up the matplotlib figure\ncmap = sns.diverging_palette(230, 20, as_cmap=True)     # Generate a custom diverging colormap\n# Draw the heatmap with the mask and correct aspect ratio\nsns.heatmap(corr,  cmap=cmap, vmin=-1, vmax=1, center=0,\n        square=True, linewidths=.5, cbar_kws={\"shrink\": .5})\nplt.show()\n```\n\n## Hypertuning:\n```{python}\n#| warning: false\n#| code-fold: true\n#| code-summary: \"Hyptertuning the Model\"\n\n\ntest_ratio=0.2\nx_train, x_test, y_train, y_test = train_test_split(X, y, test_size=test_ratio, random_state=0)\ny_train=y_train.flatten()\ny_test=y_test.flatten()\n\ntest_results=[]\ntrain_results=[]\n\nfor num_layer in range(1,20):\n    model = tree.DecisionTreeClassifier(max_depth=num_layer)\n    model = model.fit(x_train,y_train)\n\n    yp_train=model.predict(x_train)\n    yp_test=model.predict(x_test)\n\n    # print(y_pred.shape)\n    test_results.append([num_layer,accuracy_score(y_test, yp_test),recall_score(y_test, yp_test,pos_label=0),recall_score(y_test, yp_test,pos_label=1)])\n    train_results.append([num_layer,accuracy_score(y_train, yp_train),recall_score(y_train, yp_train,pos_label=0),recall_score(y_train, yp_train, pos_label=1)])\n\ntest_df = pd.DataFrame(test_results, columns=['num_layer', 'accuracy', 'recall_0', 'recall_1'])\ntrain_df = pd.DataFrame(train_results, columns=['num_layer', 'accuracy', 'recall_0', 'recall_1'])\n\nplt.figure(figsize=(10, 6))\np1 = sns.lineplot(x='num_layer', y='accuracy', data=train_df, color='blue', marker='o')\nsns.lineplot(x='num_layer', y='accuracy', data=test_df, color='red',  marker='o', ax=p1)\np1.set_xlabel('Number of layers in decision tree (max_depth)')\np1.set_ylabel('ACCURACY (Y=0): Training (blue) and Test (red)')\nplt.show()\n\nplt.figure(figsize=(10, 6))\np2 = sns.lineplot(x='num_layer', y='recall_0', data=train_df, color='blue', marker='o')\nsns.lineplot(x='num_layer', y='recall_0', data=test_df, color='red', marker='o', ax=p2)\np2.set_xlabel('Number of layers in decision tree (max_depth)')\np2.set_ylabel('RECALL (Y=0): Training (blue) and Test (red)')\nplt.show()\n\nplt.figure(figsize=(10, 6))\np3 = sns.lineplot(x='num_layer', y='recall_1', data=train_df, color='blue', marker='o')\nsns.lineplot(x='num_layer', y='recall_1', data=test_df, color='red', marker='o', ax=p3)\np3.set_xlabel('Number of layers in decision tree (max_depth)')\np3.set_ylabel('RECALL (Y=1): Training (blue) and Test (red)')\nplt.show()\n```\n\n## Visualizations:\n```{python}\n#| warning: false\n#| code-fold: true\n#| code-summary: \"Confusion Plot\"\n\nmodel = tree.DecisionTreeClassifier(max_depth= 5)\nmodel = model.fit(X,y)\n\ndef confusion_plot(y_data, y_pred):\n\n    cm = confusion_matrix(y_data, y_pred, labels= model.classes_)\n\n    TP = cm[0,0]\n    FN = cm[0,1]\n    FP = cm[1,0]\n    TN = cm[1,1]\n    \n    print('ACCURACY:',accuracy_score(y_data, y_pred))\n    print('NEGATIVE RECALL (Y=0):', TN/(TN+FP))\n    print('NEGATIVE PRECISION (Y=0):', TN/(TN+FN))\n    print('POSITIVE RECALL (Y=1):', TP/(TP+FN))\n    print('POSITIVE PRECISION (Y=1):', TP/(TP+FP))\n    print(cm)\n\n    #Plotting confusion matrix\n    disp = ConfusionMatrixDisplay(confusion_matrix=cm, display_labels=model.classes_)\n    disp.plot()\n    plt.show()\n\nprint(\"------TRAINING------\")\nconfusion_plot(y_train,yp_train)\nprint(\"------TEST------\")\nconfusion_plot(y_test,yp_test)\n```\n\n## Decision Tree\n\n```{python}\n#| warning: false\n#| code-fold: true\n#| code-summary: \"Decision Tree Plot\"\n\ndef plot_tree(model, X, Y):\n    model = model.fit(x_train, y_train)\n    \n    fig = plt.figure(figsize=(11,8))\n    _ = tree.plot_tree(model, \n                   feature_names=X.columns,  \n                   class_names=Y,\n                   filled=True)\n\n    plt.show()\n\nX_df = harvard_covid.loc[:, 'vaccination':'headache_covid']\nY_df = list(harvard_covid['sex'].unique())\n\nplot_tree(model, X_df, Y_df)\n\n```\n\n:::\n\nIn the heat map of all the variables we will be training on, we can notice a few interesting this. Some things to note is that there are a few variables that are correlated (most due to vaccination or similar symptoms in the body), but not enough such that the analysis of the decision tree would be impacted. \n\nFrom the accuracy, recall 1, and recall 0, we can see that the optimal depth is 5. From here we can take a look at the confusion matrices of the train and test data as well as create our decision tree. \n\n## Conclusion \n\nWhile our testing confusion matrix has a larger number of false positives, we can still make a few conclusions for the decision tree. Firstly, we can say the hospitalization due to long covid, from these survey results, seems to affect women as opposed to men. Additionally, those who experienced tingling seemed to be men over females. Additionally, as previously noted in EDA, those who experienced hair loss were entirely female. Hair loss is common in women due to stress and hormonal changes. This could mean that long covid may be affecting women hormonally or causing abnormal levels of stress, however more data and research would need to be collected to investigate that emerging thought. \n\nThus, decision trees can provide an easy way to classify a number of binary classes. If data was to be publicly released regarding individuals who experienced either Long Covid or Covid and their symptoms, we would be able to create a classifier that determines what symptoms are more highly for those with Long Covid.\n\n\n\n"},"formats":{"html":{"identifier":{"display-name":"HTML","target-format":"html","base-format":"html"},"execute":{"fig-width":7,"fig-height":5,"fig-format":"retina","fig-dpi":96,"df-print":"default","error":false,"eval":true,"cache":null,"freeze":false,"echo":true,"output":true,"warning":true,"include":true,"keep-md":false,"keep-ipynb":false,"ipynb":null,"enabled":null,"daemon":null,"daemon-restart":false,"debug":false,"ipynb-filters":[],"engine":"jupyter"},"render":{"keep-tex":false,"keep-source":false,"keep-hidden":false,"prefer-html":false,"output-divs":true,"output-ext":"html","fig-align":"default","fig-pos":null,"fig-env":null,"code-fold":"none","code-overflow":"scroll","code-link":false,"code-line-numbers":false,"code-tools":false,"tbl-colwidths":"auto","merge-includes":true,"inline-includes":false,"preserve-yaml":false,"latex-auto-mk":true,"latex-auto-install":true,"latex-clean":true,"latex-max-runs":10,"latex-makeindex":"makeindex","latex-makeindex-opts":[],"latex-tlmgr-opts":[],"latex-input-paths":[],"latex-output-dir":null,"link-external-icon":false,"link-external-newwindow":false,"self-contained-math":false,"format-resources":[],"notebook-links":true,"format-links":true},"pandoc":{"standalone":true,"wrap":"none","default-image-extension":"png","to":"html","css":["styles.css"],"toc":true,"output-file":"classification.html"},"language":{"toc-title-document":"Table of contents","toc-title-website":"On this page","related-formats-title":"Other Formats","related-notebooks-title":"Notebooks","source-notebooks-prefix":"Source","section-title-abstract":"Abstract","section-title-appendices":"Appendices","section-title-footnotes":"Footnotes","section-title-references":"References","section-title-reuse":"Reuse","section-title-copyright":"Copyright","section-title-citation":"Citation","appendix-attribution-cite-as":"For attribution, please cite this work as:","appendix-attribution-bibtex":"BibTeX citation:","title-block-author-single":"Author","title-block-author-plural":"Authors","title-block-affiliation-single":"Affiliation","title-block-affiliation-plural":"Affiliations","title-block-published":"Published","title-block-modified":"Modified","callout-tip-title":"Tip","callout-note-title":"Note","callout-warning-title":"Warning","callout-important-title":"Important","callout-caution-title":"Caution","code-summary":"Code","code-tools-menu-caption":"Code","code-tools-show-all-code":"Show All Code","code-tools-hide-all-code":"Hide All Code","code-tools-view-source":"View Source","code-tools-source-code":"Source Code","code-line":"Line","code-lines":"Lines","copy-button-tooltip":"Copy to Clipboard","copy-button-tooltip-success":"Copied!","repo-action-links-edit":"Edit this page","repo-action-links-source":"View source","repo-action-links-issue":"Report an issue","back-to-top":"Back to top","search-no-results-text":"No results","search-matching-documents-text":"matching documents","search-copy-link-title":"Copy link to search","search-hide-matches-text":"Hide additional matches","search-more-match-text":"more match in this document","search-more-matches-text":"more matches in this document","search-clear-button-title":"Clear","search-detached-cancel-button-title":"Cancel","search-submit-button-title":"Submit","search-label":"Search","toggle-section":"Toggle section","toggle-sidebar":"Toggle sidebar navigation","toggle-dark-mode":"Toggle dark mode","toggle-reader-mode":"Toggle reader mode","toggle-navigation":"Toggle navigation","crossref-fig-title":"Figure","crossref-tbl-title":"Table","crossref-lst-title":"Listing","crossref-thm-title":"Theorem","crossref-lem-title":"Lemma","crossref-cor-title":"Corollary","crossref-prp-title":"Proposition","crossref-cnj-title":"Conjecture","crossref-def-title":"Definition","crossref-exm-title":"Example","crossref-exr-title":"Exercise","crossref-ch-prefix":"Chapter","crossref-apx-prefix":"Appendix","crossref-sec-prefix":"Section","crossref-eq-prefix":"Equation","crossref-lof-title":"List of Figures","crossref-lot-title":"List of Tables","crossref-lol-title":"List of Listings","environment-proof-title":"Proof","environment-remark-title":"Remark","environment-solution-title":"Solution","listing-page-order-by":"Order By","listing-page-order-by-default":"Default","listing-page-order-by-date-asc":"Oldest","listing-page-order-by-date-desc":"Newest","listing-page-order-by-number-desc":"High to Low","listing-page-order-by-number-asc":"Low to High","listing-page-field-date":"Date","listing-page-field-title":"Title","listing-page-field-description":"Description","listing-page-field-author":"Author","listing-page-field-filename":"File Name","listing-page-field-filemodified":"Modified","listing-page-field-subtitle":"Subtitle","listing-page-field-readingtime":"Reading Time","listing-page-field-categories":"Categories","listing-page-minutes-compact":"{0} min","listing-page-category-all":"All","listing-page-no-matches":"No matching items"},"metadata":{"lang":"en","fig-responsive":true,"quarto-version":"1.3.450","theme":"minty","title":"Decision Trees: Classification"},"extensions":{"book":{"multiFile":true}}}},"projectFormats":["html"]}