{"title":"cleaning","markdown":{"yaml":{"title":"cleaning","author":"Shriya Chinthak","date":"2023-10-12","output":"html_document"},"headingText":"Symptoms:","containsRefs":false,"markdown":"\n\n```{r}\nlibrary(tidyverse)\nlibrary(stringr)\n```\n\n```{r}\ncdc <- read.csv(\"../../data/00-raw-data/cdc_raw.csv\")\n```\n\n```{r}\nstr(cdc)\n```\n\n```{r}\n#Let's drop the last three columns related to quartiles since it is unnessesary. \ncdc <- cdc %>%\n  select(-quartile_range, -quartile_number, -suppression_flag)\n```\n\n```{r}\n#Now, let's check the unique values of indicator to condense the values since they're a little too long\ncdc_keys <- cdc %>%\n  select(indicator) %>%\n  distinct()\n\ncdc_keys <- cdc_keys %>%\n  mutate(key = 1:nrow(cdc_keys))\n\n#Since there are 10 unique categories, we'll create a new column with a key, such that the number matches up with a value. \ncdc <- cdc %>%\n  right_join(cdc_keys, by = \"indicator\")\n```\n\n```{r}\n#We can also eliminate time_period_label and confidence_interval as both values are repeated in other columns \ncdc <- cdc %>%\n  select(-time_period_label, -confidence_interval)\n```\n\n```{r}\n#Now, let's make the time start and time end datetime variables\ncdc <- cdc %>%\n  mutate(time_period_start_date = as.Date(time_period_start_date)) %>%\n  mutate(time_period_end_date = as.Date(time_period_end_date))\n```\n```{r}\n#Let's look at the unique values for the group column and adjust as needed:\n\ncdc <- cdc %>%\n  mutate(group = str_replace(group, \"^By\\\\s\", \"\"))\n```\n\n```{r}\n#We also need to check for any na values \ncdc %>%\n  summarise_all(~ sum(is.na(.)))\n#From this we can say that the columns that have na's are all value and the corresponding lowci and highci. Thus, since the main variable we are tracking is value, we will go ahead and drop all rows where value = NA. Viewing the data, there also appears to be a connection between phace = -1 and the NA values. \n\ncdc <- cdc %>%\n  filter(!is.na(value))\n\n```\n```{r}\ncdc %>%\n  summarise_all(~ sum(is.na(.)))\n#The data no longer has NA's! We can also see that this decision filtered out 12.5% of the original dataset. \n```\n\n\n```{r}\n#Lastly, we'll get rid of the indicator column and show the cleaned data:\ncdc <- cdc %>%\n  select(-indicator)\n\nhead(cdc)\ncdc_keys\n```\n```{r}\nwrite.csv(cdc, \"../../data/01-modified-data/cdc_clean.csv\")\n```\n\n\n\n```{r}\nlibrary(tidyverse)\nlibrary(readxl)\nlibrary(janitor)\n\nlong_covid_uk_age_sex <- read_excel(\"../../data/00-raw-data/longcovid_uk.xlsx\", sheet = 'Table 1')\nlong_covid_uk_ethnic <- read_excel(\"../../data/00-raw-data/longcovid_uk.xlsx\", sheet = 'Table 2')\nlong_covid_uk_health <- read_excel(\"../../data/00-raw-data/longcovid_uk.xlsx\", sheet = 'Table 3')\nlong_covid_uk_job <- read_excel(\"../../data/00-raw-data/longcovid_uk.xlsx\", sheet = 'Table 4')\n```\n\n```{r}\n#For Long Covid with regards to Health \n\n#First, we'll remove the first three rows since they're all empty. \nlong_covid_uk_health <- long_covid_uk_health %>%\n  filter(!row_number() %in% c(1, 2, 3, 4))\n```\n\n```{r}\n#Next, we'll make top row the column names:\nlong_covid_uk_health <- long_covid_uk_health %>%\n  purrr::set_names(as.character(slice(., 1))) %>%\n  slice(-1)\n```\n\n```{r}\n#Now, we need to name the column names tidy:\nlong_covid_uk_health <- long_covid_uk_health %>%\n  clean_names()\n```\n\n```{r}\n#Next, we'll need to change the datatypes of certain columns. \nlong_covid_uk_health <- long_covid_uk_health %>%\n  mutate(estimate = as.double(estimate)) %>%\n  mutate(lower_95_percent_confidence_limit = as.double(lower_95_percent_confidence_limit)) %>%\n  mutate(upper_95_percent_confidence_limit = as.double(upper_95_percent_confidence_limit))\n```\n```{r}\n#Checking for NA values:\nlong_covid_uk_health %>%\n  summarise_all(~ sum(is.na(.)))\n#No NA values! \n\n#Let's see the cleaned data: \nhead(long_covid_uk_health)\nwrite.csv(long_covid_uk_health, \"../../data/01-modified-data/long_covid_uk_health_clean.csv\")\n\n```\n```{r}\n#Now, we'll do the same cleaning for employement status data since it's the same format:\nlong_covid_uk_job <- long_covid_uk_job %>%\n  filter(!row_number() %in% c(1, 2, 3, 4))\n\n#Next, we'll make top row the column names:\nlong_covid_uk_job <- long_covid_uk_job %>%\n  purrr::set_names(as.character(slice(., 1))) %>%\n  slice(-1)\n\n#Now, we need to name the column names tidy:\nlong_covid_uk_job <- long_covid_uk_job %>%\n  clean_names()\n\n#Next, we'll need to change the datatypes of certain columns. \nlong_covid_uk_job <- long_covid_uk_job %>%\n  mutate(estimate = as.double(estimate)) %>%\n  mutate(lower_95_percent_confidence_limit = as.double(lower_95_percent_confidence_limit)) %>%\n  mutate(upper_95_percent_confidence_limit = as.double(upper_95_percent_confidence_limit))\n\n#Checking for NA values:\nlong_covid_uk_job %>%\n  summarise_all(~ sum(is.na(.)))\n#There are a significant number of NA values for estimate and the confidence intervals. \n#Since these are for specific groups, the NA's mean that data was not collected for these groups. \n#Since we can't use \"other\" groups to estimate this data, we will drop these rows. \n#This results is a loss of 13% of the original dataset. \nlong_covid_uk_job <- long_covid_uk_job %>%\n  filter(!is.na(estimate))\n\nhead(long_covid_uk_job)\nwrite.csv(long_covid_uk_job, \"../../data/01-modified-data/long_covid_uk_job_clean.csv\")\n```\n```{r}\n#Now, we'll do the same cleaning for employement status data since it's the same format:\nlong_covid_uk_age_sex <- long_covid_uk_age_sex %>%\n  filter(!row_number() %in% c(1, 2, 3, 4))\n\n#Next, we'll make top row the column names:\nlong_covid_uk_age_sex <- long_covid_uk_age_sex %>%\n  purrr::set_names(as.character(slice(., 1))) %>%\n  slice(-1)\n\n#Now, we need to name the column names tidy:\nlong_covid_uk_age_sex <- long_covid_uk_age_sex %>%\n  clean_names()\n\n#Next, we'll need to change the datatypes of certain columns. \nlong_covid_uk_age_sex <- long_covid_uk_age_sex %>%\n  mutate(estimate = as.double(estimate)) %>%\n  mutate(lower_95_percent_confidence_limit = as.double(lower_95_percent_confidence_limit)) %>%\n  mutate(upper_95_percent_confidence_limit = as.double(upper_95_percent_confidence_limit))\n```\n\n\n```{r}\n#Checking for NA values:\nlong_covid_uk_age_sex %>%\n  summarise_all(~ sum(is.na(.)))\n```\n\n\n```{r}\n#There are a significant number of NA values for estimate and the confidence intervals. \n#Since these are for specific groups, the NA's mean that data was not collected for these groups. \n#Since we can't use \"other\" groups to estimate this data, we will drop these rows. \n#This results is a loss of 16.9% of the original dataset. \nlong_covid_uk_age_sex <- long_covid_uk_age_sex %>%\n  filter(!is.na(estimate))\n\nhead(long_covid_uk_age_sex)\nwrite.csv(long_covid_uk_age_sex, \"../../data/01-modified-data/long_covid_uk_age_sex_clean.csv\")\n```\n\n```{r}\n#Now, we'll do the same cleaning for employement status data since it's the same format:\nlong_covid_uk_ethnic <- long_covid_uk_ethnic %>%\n  filter(!row_number() %in% c(1, 2, 3, 4))\n\n#Next, we'll make top row the column names:\nlong_covid_uk_ethnic <- long_covid_uk_ethnic %>%\n  purrr::set_names(as.character(slice(., 1))) %>%\n  slice(-1)\n\n#Now, we need to name the column names tidy:\nlong_covid_uk_ethnic <- long_covid_uk_ethnic %>%\n  clean_names()\n\n#Next, we'll need to change the datatypes of certain columns. \nlong_covid_uk_ethnic <- long_covid_uk_ethnic %>%\n  mutate(estimate = as.double(estimate)) %>%\n  mutate(lower_95_percent_confidence_limit = as.double(lower_95_percent_confidence_limit)) %>%\n  mutate(upper_95_percent_confidence_limit = as.double(upper_95_percent_confidence_limit))\n\n#Checking for NA values:\nlong_covid_uk_ethnic %>%\n  summarise_all(~ sum(is.na(.)))\n#There are a significant number of NA values for estimate and the confidence intervals. \n#Since these are for specific groups, the NA's mean that data was not collected for these groups. \n#Since we can't use \"other\" groups to estimate this data, we will drop these rows. \n#This results is a loss of 1.8% of the original dataset. \nlong_covid_uk_ethnic <- long_covid_uk_ethnic %>%\n  filter(!is.na(estimate))\n\nhead(long_covid_uk_ethnic)\nwrite.csv(long_covid_uk_ethnic, \"../../data/01-modified-data/long_covid_uk_ethnic_clean.csv\")\n```\n\n```{r}\n#Merging the uk data together:\nlong_covid_uk <- bind_rows(long_covid_uk_age_sex, long_covid_uk_ethnic, \n                           long_covid_uk_health, long_covid_uk_job)\nwrite.csv(long_covid_uk, \"../../data/01-modified-data/long_covid_uk_clean.csv\")\n```\n\n\n### Harvard Long Covid Data: \n```{r}\nharvard_covid <- read_csv(\"../../data/00-raw-data/harvard_long_covid.csv\")\nglimpse(harvard_covid)\n```\n\n```{r}\nharvard_covid <- harvard_covid %>%\n  select(status:Hospital_admission, age:Headache_covid) %>%\n  select(-country, -income, -ethnicity, -PE2, -BMICat, -Vaccination_status, \n         -No_Doses, -Type_vaccine, -agegroup, -agegroup2, -DVT3, -DVT2, \n         -Median_followupTime, -Median_followupTime2, -kidney3, -Heart_attack3) %>%\n  filter(!is.na(sex) & !is.na(CovidPositive) & !is.na(BMI) & \n           !is.na(Hospital_admission) & !is.na(days_acuteCovid)) %>%\n  clean_names() %>%\n  rename_all(~sub(\"2$\", \"\", .)) %>%\n  rename_all(~sub(\"3$\", \"\", .)) %>%\n  rename_all(~sub(\"_now$\", \"\", .)) %>%\n  rename_all(~sub(\"_pastweek$\", \"\", .)) %>%\n  replace(is.na(.), 0)\n\nhead(harvard_covid)\nwrite.csv(harvard_covid, \"../../data/01-modified-data/harvard_long_covid_cleaned.csv\")\n```\n\n```{r}\nunique(harvard_covid$hospital_admission)\n```\n\n```{r}\n#| code-fold: true\n#| code-summary: \"Sentiment Analysis\"\n\nlibrary(sentimentr)\nnews <- read.csv(\"../../data/01-modified-data/news_clean.csv\")\n\nnews$sentiment_score <- sentimentr::sentiment_by(news$all_text)$ave_sentiment\n\nnews <- news %>%\nmutate(sentiment = ifelse(sentiment_score >= 0, \"positive\", \"negative\"))\n\n# Display the DataFrame\nprint(news)\n```\n\n## Visualization\n```{r}\nnews$publishedAt <- as.POSIXct(news$publishedAt, format = \"%Y-%m-%dT%H:%M:%SZ\")\nnews <- news %>% mutate(topic = factor(topic, levels = c(1, 2, 3), labels = c(\"Long Covid\", \"Chickenpox\", \"Influenza\"))) \n\nnews_tibble <- as_tibble(news)\n\n# Define a color palette for topics\ntopic_colors <- c(\"Long Covid\" = \"blue\", \"Influenza\" = \"darkgreen\", \"Chickenpox\" = \"orange\")\n\n# Create a line plot\nggplot(news_tibble, aes(x = publishedAt, y = sentiment_score, color = topic)) +\n  geom_line() +\n  geom_point() +\n  facet_wrap(~topic, scales = \"free_y\", ncol = 1) +\n  labs(title = \"Sentiment Over Time by Topic\",\n       x = \"Date and Time\",\n       y = \"Sentiment Score\",\n       color = \"Topic\") +\n  theme_minimal() +\n  geom_hline(yintercept = 0, linetype = \"dashed\", color = \"red\") +\n  scale_color_manual(values = topic_colors)\n```\n\n```{r}\n#| code-fold: true\ngov <- read.csv(\"../../data/01-modified-data/white_house_df_clean.csv\")\n\ngov$sentiment_score <- sentimentr::sentiment_by(gov$Text)$ave_sentiment\n\n\n\ngov <- gov %>%\nmutate(sentiment = ifelse(sentiment_score >= 0, \"positive\", \"negative\")) %>%\nmutate(time = seq_len(n()))\n\n# Display the DataFrame\nprint(gov)\n```\n\n## Visualization\n```{r}\n#| code-fold: true\ngov_tibble <- as_tibble(gov)\n\n# Create a line plot\nggplot(gov_tibble, aes(x = time, y = sentiment_score)) +\n  geom_line() +\n  geom_point() +\n  labs(title = \"Sentiment Over Time by Topic\",\n       x = \"Date and Time\",\n       y = \"Sentiment Score\") +\n  theme_minimal() +\n  geom_hline(yintercept = 0, linetype = \"dashed\", color = \"red\") \n```\n\n\n","srcMarkdownNoYaml":"\n\n```{r}\nlibrary(tidyverse)\nlibrary(stringr)\n```\n\n```{r}\ncdc <- read.csv(\"../../data/00-raw-data/cdc_raw.csv\")\n```\n\n```{r}\nstr(cdc)\n```\n\n```{r}\n#Let's drop the last three columns related to quartiles since it is unnessesary. \ncdc <- cdc %>%\n  select(-quartile_range, -quartile_number, -suppression_flag)\n```\n\n```{r}\n#Now, let's check the unique values of indicator to condense the values since they're a little too long\ncdc_keys <- cdc %>%\n  select(indicator) %>%\n  distinct()\n\ncdc_keys <- cdc_keys %>%\n  mutate(key = 1:nrow(cdc_keys))\n\n#Since there are 10 unique categories, we'll create a new column with a key, such that the number matches up with a value. \ncdc <- cdc %>%\n  right_join(cdc_keys, by = \"indicator\")\n```\n\n```{r}\n#We can also eliminate time_period_label and confidence_interval as both values are repeated in other columns \ncdc <- cdc %>%\n  select(-time_period_label, -confidence_interval)\n```\n\n```{r}\n#Now, let's make the time start and time end datetime variables\ncdc <- cdc %>%\n  mutate(time_period_start_date = as.Date(time_period_start_date)) %>%\n  mutate(time_period_end_date = as.Date(time_period_end_date))\n```\n```{r}\n#Let's look at the unique values for the group column and adjust as needed:\n\ncdc <- cdc %>%\n  mutate(group = str_replace(group, \"^By\\\\s\", \"\"))\n```\n\n```{r}\n#We also need to check for any na values \ncdc %>%\n  summarise_all(~ sum(is.na(.)))\n#From this we can say that the columns that have na's are all value and the corresponding lowci and highci. Thus, since the main variable we are tracking is value, we will go ahead and drop all rows where value = NA. Viewing the data, there also appears to be a connection between phace = -1 and the NA values. \n\ncdc <- cdc %>%\n  filter(!is.na(value))\n\n```\n```{r}\ncdc %>%\n  summarise_all(~ sum(is.na(.)))\n#The data no longer has NA's! We can also see that this decision filtered out 12.5% of the original dataset. \n```\n\n\n```{r}\n#Lastly, we'll get rid of the indicator column and show the cleaned data:\ncdc <- cdc %>%\n  select(-indicator)\n\nhead(cdc)\ncdc_keys\n```\n```{r}\nwrite.csv(cdc, \"../../data/01-modified-data/cdc_clean.csv\")\n```\n\n\n## Symptoms:\n\n```{r}\nlibrary(tidyverse)\nlibrary(readxl)\nlibrary(janitor)\n\nlong_covid_uk_age_sex <- read_excel(\"../../data/00-raw-data/longcovid_uk.xlsx\", sheet = 'Table 1')\nlong_covid_uk_ethnic <- read_excel(\"../../data/00-raw-data/longcovid_uk.xlsx\", sheet = 'Table 2')\nlong_covid_uk_health <- read_excel(\"../../data/00-raw-data/longcovid_uk.xlsx\", sheet = 'Table 3')\nlong_covid_uk_job <- read_excel(\"../../data/00-raw-data/longcovid_uk.xlsx\", sheet = 'Table 4')\n```\n\n```{r}\n#For Long Covid with regards to Health \n\n#First, we'll remove the first three rows since they're all empty. \nlong_covid_uk_health <- long_covid_uk_health %>%\n  filter(!row_number() %in% c(1, 2, 3, 4))\n```\n\n```{r}\n#Next, we'll make top row the column names:\nlong_covid_uk_health <- long_covid_uk_health %>%\n  purrr::set_names(as.character(slice(., 1))) %>%\n  slice(-1)\n```\n\n```{r}\n#Now, we need to name the column names tidy:\nlong_covid_uk_health <- long_covid_uk_health %>%\n  clean_names()\n```\n\n```{r}\n#Next, we'll need to change the datatypes of certain columns. \nlong_covid_uk_health <- long_covid_uk_health %>%\n  mutate(estimate = as.double(estimate)) %>%\n  mutate(lower_95_percent_confidence_limit = as.double(lower_95_percent_confidence_limit)) %>%\n  mutate(upper_95_percent_confidence_limit = as.double(upper_95_percent_confidence_limit))\n```\n```{r}\n#Checking for NA values:\nlong_covid_uk_health %>%\n  summarise_all(~ sum(is.na(.)))\n#No NA values! \n\n#Let's see the cleaned data: \nhead(long_covid_uk_health)\nwrite.csv(long_covid_uk_health, \"../../data/01-modified-data/long_covid_uk_health_clean.csv\")\n\n```\n```{r}\n#Now, we'll do the same cleaning for employement status data since it's the same format:\nlong_covid_uk_job <- long_covid_uk_job %>%\n  filter(!row_number() %in% c(1, 2, 3, 4))\n\n#Next, we'll make top row the column names:\nlong_covid_uk_job <- long_covid_uk_job %>%\n  purrr::set_names(as.character(slice(., 1))) %>%\n  slice(-1)\n\n#Now, we need to name the column names tidy:\nlong_covid_uk_job <- long_covid_uk_job %>%\n  clean_names()\n\n#Next, we'll need to change the datatypes of certain columns. \nlong_covid_uk_job <- long_covid_uk_job %>%\n  mutate(estimate = as.double(estimate)) %>%\n  mutate(lower_95_percent_confidence_limit = as.double(lower_95_percent_confidence_limit)) %>%\n  mutate(upper_95_percent_confidence_limit = as.double(upper_95_percent_confidence_limit))\n\n#Checking for NA values:\nlong_covid_uk_job %>%\n  summarise_all(~ sum(is.na(.)))\n#There are a significant number of NA values for estimate and the confidence intervals. \n#Since these are for specific groups, the NA's mean that data was not collected for these groups. \n#Since we can't use \"other\" groups to estimate this data, we will drop these rows. \n#This results is a loss of 13% of the original dataset. \nlong_covid_uk_job <- long_covid_uk_job %>%\n  filter(!is.na(estimate))\n\nhead(long_covid_uk_job)\nwrite.csv(long_covid_uk_job, \"../../data/01-modified-data/long_covid_uk_job_clean.csv\")\n```\n```{r}\n#Now, we'll do the same cleaning for employement status data since it's the same format:\nlong_covid_uk_age_sex <- long_covid_uk_age_sex %>%\n  filter(!row_number() %in% c(1, 2, 3, 4))\n\n#Next, we'll make top row the column names:\nlong_covid_uk_age_sex <- long_covid_uk_age_sex %>%\n  purrr::set_names(as.character(slice(., 1))) %>%\n  slice(-1)\n\n#Now, we need to name the column names tidy:\nlong_covid_uk_age_sex <- long_covid_uk_age_sex %>%\n  clean_names()\n\n#Next, we'll need to change the datatypes of certain columns. \nlong_covid_uk_age_sex <- long_covid_uk_age_sex %>%\n  mutate(estimate = as.double(estimate)) %>%\n  mutate(lower_95_percent_confidence_limit = as.double(lower_95_percent_confidence_limit)) %>%\n  mutate(upper_95_percent_confidence_limit = as.double(upper_95_percent_confidence_limit))\n```\n\n\n```{r}\n#Checking for NA values:\nlong_covid_uk_age_sex %>%\n  summarise_all(~ sum(is.na(.)))\n```\n\n\n```{r}\n#There are a significant number of NA values for estimate and the confidence intervals. \n#Since these are for specific groups, the NA's mean that data was not collected for these groups. \n#Since we can't use \"other\" groups to estimate this data, we will drop these rows. \n#This results is a loss of 16.9% of the original dataset. \nlong_covid_uk_age_sex <- long_covid_uk_age_sex %>%\n  filter(!is.na(estimate))\n\nhead(long_covid_uk_age_sex)\nwrite.csv(long_covid_uk_age_sex, \"../../data/01-modified-data/long_covid_uk_age_sex_clean.csv\")\n```\n\n```{r}\n#Now, we'll do the same cleaning for employement status data since it's the same format:\nlong_covid_uk_ethnic <- long_covid_uk_ethnic %>%\n  filter(!row_number() %in% c(1, 2, 3, 4))\n\n#Next, we'll make top row the column names:\nlong_covid_uk_ethnic <- long_covid_uk_ethnic %>%\n  purrr::set_names(as.character(slice(., 1))) %>%\n  slice(-1)\n\n#Now, we need to name the column names tidy:\nlong_covid_uk_ethnic <- long_covid_uk_ethnic %>%\n  clean_names()\n\n#Next, we'll need to change the datatypes of certain columns. \nlong_covid_uk_ethnic <- long_covid_uk_ethnic %>%\n  mutate(estimate = as.double(estimate)) %>%\n  mutate(lower_95_percent_confidence_limit = as.double(lower_95_percent_confidence_limit)) %>%\n  mutate(upper_95_percent_confidence_limit = as.double(upper_95_percent_confidence_limit))\n\n#Checking for NA values:\nlong_covid_uk_ethnic %>%\n  summarise_all(~ sum(is.na(.)))\n#There are a significant number of NA values for estimate and the confidence intervals. \n#Since these are for specific groups, the NA's mean that data was not collected for these groups. \n#Since we can't use \"other\" groups to estimate this data, we will drop these rows. \n#This results is a loss of 1.8% of the original dataset. \nlong_covid_uk_ethnic <- long_covid_uk_ethnic %>%\n  filter(!is.na(estimate))\n\nhead(long_covid_uk_ethnic)\nwrite.csv(long_covid_uk_ethnic, \"../../data/01-modified-data/long_covid_uk_ethnic_clean.csv\")\n```\n\n```{r}\n#Merging the uk data together:\nlong_covid_uk <- bind_rows(long_covid_uk_age_sex, long_covid_uk_ethnic, \n                           long_covid_uk_health, long_covid_uk_job)\nwrite.csv(long_covid_uk, \"../../data/01-modified-data/long_covid_uk_clean.csv\")\n```\n\n\n### Harvard Long Covid Data: \n```{r}\nharvard_covid <- read_csv(\"../../data/00-raw-data/harvard_long_covid.csv\")\nglimpse(harvard_covid)\n```\n\n```{r}\nharvard_covid <- harvard_covid %>%\n  select(status:Hospital_admission, age:Headache_covid) %>%\n  select(-country, -income, -ethnicity, -PE2, -BMICat, -Vaccination_status, \n         -No_Doses, -Type_vaccine, -agegroup, -agegroup2, -DVT3, -DVT2, \n         -Median_followupTime, -Median_followupTime2, -kidney3, -Heart_attack3) %>%\n  filter(!is.na(sex) & !is.na(CovidPositive) & !is.na(BMI) & \n           !is.na(Hospital_admission) & !is.na(days_acuteCovid)) %>%\n  clean_names() %>%\n  rename_all(~sub(\"2$\", \"\", .)) %>%\n  rename_all(~sub(\"3$\", \"\", .)) %>%\n  rename_all(~sub(\"_now$\", \"\", .)) %>%\n  rename_all(~sub(\"_pastweek$\", \"\", .)) %>%\n  replace(is.na(.), 0)\n\nhead(harvard_covid)\nwrite.csv(harvard_covid, \"../../data/01-modified-data/harvard_long_covid_cleaned.csv\")\n```\n\n```{r}\nunique(harvard_covid$hospital_admission)\n```\n\n```{r}\n#| code-fold: true\n#| code-summary: \"Sentiment Analysis\"\n\nlibrary(sentimentr)\nnews <- read.csv(\"../../data/01-modified-data/news_clean.csv\")\n\nnews$sentiment_score <- sentimentr::sentiment_by(news$all_text)$ave_sentiment\n\nnews <- news %>%\nmutate(sentiment = ifelse(sentiment_score >= 0, \"positive\", \"negative\"))\n\n# Display the DataFrame\nprint(news)\n```\n\n## Visualization\n```{r}\nnews$publishedAt <- as.POSIXct(news$publishedAt, format = \"%Y-%m-%dT%H:%M:%SZ\")\nnews <- news %>% mutate(topic = factor(topic, levels = c(1, 2, 3), labels = c(\"Long Covid\", \"Chickenpox\", \"Influenza\"))) \n\nnews_tibble <- as_tibble(news)\n\n# Define a color palette for topics\ntopic_colors <- c(\"Long Covid\" = \"blue\", \"Influenza\" = \"darkgreen\", \"Chickenpox\" = \"orange\")\n\n# Create a line plot\nggplot(news_tibble, aes(x = publishedAt, y = sentiment_score, color = topic)) +\n  geom_line() +\n  geom_point() +\n  facet_wrap(~topic, scales = \"free_y\", ncol = 1) +\n  labs(title = \"Sentiment Over Time by Topic\",\n       x = \"Date and Time\",\n       y = \"Sentiment Score\",\n       color = \"Topic\") +\n  theme_minimal() +\n  geom_hline(yintercept = 0, linetype = \"dashed\", color = \"red\") +\n  scale_color_manual(values = topic_colors)\n```\n\n```{r}\n#| code-fold: true\ngov <- read.csv(\"../../data/01-modified-data/white_house_df_clean.csv\")\n\ngov$sentiment_score <- sentimentr::sentiment_by(gov$Text)$ave_sentiment\n\n\n\ngov <- gov %>%\nmutate(sentiment = ifelse(sentiment_score >= 0, \"positive\", \"negative\")) %>%\nmutate(time = seq_len(n()))\n\n# Display the DataFrame\nprint(gov)\n```\n\n## Visualization\n```{r}\n#| code-fold: true\ngov_tibble <- as_tibble(gov)\n\n# Create a line plot\nggplot(gov_tibble, aes(x = time, y = sentiment_score)) +\n  geom_line() +\n  geom_point() +\n  labs(title = \"Sentiment Over Time by Topic\",\n       x = \"Date and Time\",\n       y = \"Sentiment Score\") +\n  theme_minimal() +\n  geom_hline(yintercept = 0, linetype = \"dashed\", color = \"red\") \n```\n\n\n"},"formats":{"html":{"identifier":{"display-name":"HTML","target-format":"html","base-format":"html"},"execute":{"fig-width":7,"fig-height":5,"fig-format":"retina","fig-dpi":96,"df-print":"default","error":false,"eval":true,"cache":null,"freeze":false,"echo":true,"output":"html_document","warning":true,"include":true,"keep-md":false,"keep-ipynb":false,"ipynb":null,"enabled":null,"daemon":null,"daemon-restart":false,"debug":false,"ipynb-filters":[],"engine":"knitr"},"render":{"keep-tex":false,"keep-source":false,"keep-hidden":false,"prefer-html":false,"output-divs":true,"output-ext":"html","fig-align":"default","fig-pos":null,"fig-env":null,"code-fold":"none","code-overflow":"scroll","code-link":false,"code-line-numbers":false,"code-tools":false,"tbl-colwidths":"auto","merge-includes":true,"inline-includes":false,"preserve-yaml":false,"latex-auto-mk":true,"latex-auto-install":true,"latex-clean":true,"latex-max-runs":10,"latex-makeindex":"makeindex","latex-makeindex-opts":[],"latex-tlmgr-opts":[],"latex-input-paths":[],"latex-output-dir":null,"link-external-icon":false,"link-external-newwindow":false,"self-contained-math":false,"format-resources":[],"notebook-links":true,"format-links":true},"pandoc":{"standalone":true,"wrap":"none","default-image-extension":"png","to":"html","css":["styles.css"],"toc":true,"output-file":"cleaning.html"},"language":{"toc-title-document":"Table of contents","toc-title-website":"On this page","related-formats-title":"Other Formats","related-notebooks-title":"Notebooks","source-notebooks-prefix":"Source","section-title-abstract":"Abstract","section-title-appendices":"Appendices","section-title-footnotes":"Footnotes","section-title-references":"References","section-title-reuse":"Reuse","section-title-copyright":"Copyright","section-title-citation":"Citation","appendix-attribution-cite-as":"For attribution, please cite this work as:","appendix-attribution-bibtex":"BibTeX citation:","title-block-author-single":"Author","title-block-author-plural":"Authors","title-block-affiliation-single":"Affiliation","title-block-affiliation-plural":"Affiliations","title-block-published":"Published","title-block-modified":"Modified","callout-tip-title":"Tip","callout-note-title":"Note","callout-warning-title":"Warning","callout-important-title":"Important","callout-caution-title":"Caution","code-summary":"Code","code-tools-menu-caption":"Code","code-tools-show-all-code":"Show All Code","code-tools-hide-all-code":"Hide All Code","code-tools-view-source":"View Source","code-tools-source-code":"Source Code","code-line":"Line","code-lines":"Lines","copy-button-tooltip":"Copy to Clipboard","copy-button-tooltip-success":"Copied!","repo-action-links-edit":"Edit this page","repo-action-links-source":"View source","repo-action-links-issue":"Report an issue","back-to-top":"Back to top","search-no-results-text":"No results","search-matching-documents-text":"matching documents","search-copy-link-title":"Copy link to search","search-hide-matches-text":"Hide additional matches","search-more-match-text":"more match in this document","search-more-matches-text":"more matches in this document","search-clear-button-title":"Clear","search-detached-cancel-button-title":"Cancel","search-submit-button-title":"Submit","search-label":"Search","toggle-section":"Toggle section","toggle-sidebar":"Toggle sidebar navigation","toggle-dark-mode":"Toggle dark mode","toggle-reader-mode":"Toggle reader mode","toggle-navigation":"Toggle navigation","crossref-fig-title":"Figure","crossref-tbl-title":"Table","crossref-lst-title":"Listing","crossref-thm-title":"Theorem","crossref-lem-title":"Lemma","crossref-cor-title":"Corollary","crossref-prp-title":"Proposition","crossref-cnj-title":"Conjecture","crossref-def-title":"Definition","crossref-exm-title":"Example","crossref-exr-title":"Exercise","crossref-ch-prefix":"Chapter","crossref-apx-prefix":"Appendix","crossref-sec-prefix":"Section","crossref-eq-prefix":"Equation","crossref-lof-title":"List of Figures","crossref-lot-title":"List of Tables","crossref-lol-title":"List of Listings","environment-proof-title":"Proof","environment-remark-title":"Remark","environment-solution-title":"Solution","listing-page-order-by":"Order By","listing-page-order-by-default":"Default","listing-page-order-by-date-asc":"Oldest","listing-page-order-by-date-desc":"Newest","listing-page-order-by-number-desc":"High to Low","listing-page-order-by-number-asc":"Low to High","listing-page-field-date":"Date","listing-page-field-title":"Title","listing-page-field-description":"Description","listing-page-field-author":"Author","listing-page-field-filename":"File Name","listing-page-field-filemodified":"Modified","listing-page-field-subtitle":"Subtitle","listing-page-field-readingtime":"Reading Time","listing-page-field-categories":"Categories","listing-page-minutes-compact":"{0} min","listing-page-category-all":"All","listing-page-no-matches":"No matching items"},"metadata":{"lang":"en","fig-responsive":true,"quarto-version":"1.3.450","theme":"minty","title":"cleaning","author":"Shriya Chinthak","date":"2023-10-12"},"extensions":{"book":{"multiFile":true}}}},"projectFormats":["html"]}