{"title":"Clustering","markdown":{"yaml":{"title":"Clustering"},"headingText":"Standardize the data","containsRefs":false,"markdown":"\n\n```{python}\n#| echo: false\n#| warning: false\n#| code-fold: true\n#| code-show: \"Libraries\"\n\nimport pandas as pd\nimport seaborn as sns \nimport numpy as np\nimport matplotlib.pyplot as plt\nimport sklearn\nimport sklearn.cluster\n\nimport json\nfrom sklearn.metrics import silhouette_samples, silhouette_score\nfrom sklearn.datasets import load_digits\nfrom sklearn.manifold import TSNE\nfrom sklearn.preprocessing import StandardScaler\nfrom sklearn.decomposition import PCA\n\ndef plot(X,color_vector):\n    fig, ax = plt.subplots()\n    ax.scatter(X[:,0], X[:,1],c=color_vector, alpha=0.5) #, c=y\n    ax.set(xlabel='Feature-1 (x_1)', ylabel='Feature-2 (x_2)',\n    title='Cluster data')\n    ax.grid()\n    # fig.savefig(\"test.png\")\n    plt.show()\n\nharvard_covid = pd.read_csv(\"../../data/01-modified-data/harvard_long_covid_cleaned.csv\")\n\nX = harvard_covid.loc[:, 'kidney':'anxietydepression']\n\nY = harvard_covid['hospital_admission'].astype('category')\n\nY , _ = pd.factorize(harvard_covid['hospital_admission'])\nY_label = Y.astype(int)\n\nscaler = StandardScaler()\nX_transform = scaler.fit_transform(X)\n\nn_components = 25\n\npca = PCA(n_components = n_components)\nX_pca = pca.fit_transform(X_transform)\n```\n\n## Introduction\n\n:::: {.columns}\n\n::: {.column width=\"50%\"}\nThe data above is polling data catered by Harvard University from Long Covid patients. The data is information on the individuals demographics, covid status, hospitalization information, and a plethora of questions regarding what symptoms they've experienced as a Long Covid patient. The symptoms are represented as individual variables, most of which are binarily represented, with a few variables numerically represented for rank. \n\nAs I mentioned in [data cleaning](https://shriya-chinthak.georgetown.domains/DSAN_5000/data-cleaning.html), the cleaned data contains 52 variables on symptoms that were recorded from Long Covid patients. The data also has a binary variable which states whether a person was hospitalized for the severity of their symptoms or not. Thus, we will use the symptoms as the X set and the target variable, or Y, as the hospitalized variable.  \n:::\n\n::: {.column width=\"5%\"}\n<!-- empty column to create gap -->\n:::\n\n::: {.column width=\"45%\"}\n![](images/clustering.png){fig-align=\"center\"}\n:::\n\n::::\n\nThe purpose of this clustering model is to determine whether the type of symptoms experienced during Long Covid determine the severity of Long Covid. Intuitively, the answer to this question is that there would be a strong relation to an increasing number of symptoms to an increased severity, however, classification can better determine this relationship. \n\n## Theory \nThe clustering methods we will take a look at is K-means, DBSCAN, and Hierarchy. First, let's provide an explanation of each clustering method. \n\nK-Means clustering is a method used to group individuals into 'k' number of clusters, where each cluster is represented by a centroid. In the context of Long Covid, this means identifying distinct subgroups of patients with similar symptom profiles. The algorithm assigns data points to the nearest centroid, initialized at random, and updates the centroid based on the mean of the assigned points. The 'k' value is chosen based on an understanding of potential subgroups within the data. With Long Covid, this could represent different severity levels or symptom clusters. \n\nNext, let's discuss DBSCAN. This algorithm, popularized through the sklearn package, identifies clusters based on regions of high data point density. In the context of Long Covid, this method can reveal clusters of patients with similar symptom patterns, even if the clusters have unique shapes, sizes, and radius. Data points not belonging to any cluster are considered outliers or noise, which DBSCAN will remove from the model. For Long Covid, DBSCAN might uncover less prevalent symptom patterns that could be crucial in understanding specific subsets of patients. \n\nLastly, we'll take a look at the Hierarchical algorithm. This method merges or divides clusters, initially randomized, until all individual data points are in their own clusters. This method is advantageous for understanding hierarchical relationships within the data. This may be considered a \"top-down\" approach in comparison to the other two models. \n\nFor model selection, ensuring the optimal 'k', a correct radius size, or a \"linkage\" method requires maximizing silhouette scores, which measures the cohesion and separation between clusters. Essentially, a higher silhouette score indicates better-defined clusters.\n\nThus, using these methods and the maximizing of silhouette scores to hyper tune the models, we'll determine which is the best to use for the context of our data science problems.\n\n## Methods\n\nPrimarily, we'll define the maximize_silhouette function which calculates the optimal parameter number for each type of model. Once the silhouette score is calculated at every parameter number until the maximum, a line plot is graphed to show the optimal parameter. As mentioned previously, the optimal parameter is the one that results in the highest silhouette score. \n\nTo further explain this function, maximize_silhouette is designed to find the optimal number of clusters for a clustering algorithm (specified by the algo parameter) by maximizing the silhouette score. The silhouette score is a measure of how well-defined the clusters are in a clustering result, with higher scores indicating more distinct and well-separated clusters.\n\nThe function takes as input a data matrix X, the choice of clustering algorithm, the maximum number of clusters to consider, and an option to visualize the silhouette scores. The algorithm choices include \"birch,\" \"ag\" (Agglomerative Clustering), \"dbscan\" (DBSCAN), and \"kmeans\" (K-Means).\n\nThe function iterates over different numbers of clusters, fits the specified clustering model to the data, calculates the silhouette score, and stores the results. The optimal number of clusters is determined by the maximum silhouette score. If visualization is enabled (i_plot=True), the function generates a plot showing the silhouette scores for different numbers of clusters.\n\nThe optimal cluster labels corresponding to the optimal parameter are returned by the function. This code is useful for automating the process of finding the optimal number of clusters based on silhouette scores, aiding in the selection of an appropriate clustering configuration for the given data.\n\n\n```{python}\n#| message: false\n#| warning: false\n#| code-fold: true\n#| code-show: \"Maximize Silhouette\"\n\ndef maximize_silhouette(X,algo=\"birch\",nmax=20,i_plot=False):\n\n    # PARAM\n    i_print=False\n\n    #FORCE CONTIGUOUS\n    X=np.ascontiguousarray(X)\n\n    # LOOP OVER HYPER-PARAM\n    params=[]; \n    sil_scores=[]\n    sil_max=-10\n\n    for param in range(2,nmax+1):\n        if(algo==\"ag\"):\n            model = sklearn.cluster.AgglomerativeClustering(n_clusters=param).fit(X)\n            labels=model.labels_\n\n        if(algo==\"dbscan\"):\n            param=0.25*(param-1)\n            model = sklearn.cluster.DBSCAN(eps=param).fit(X)\n            labels=model.labels_\n\n        if(algo==\"kmeans\"):\n            model = sklearn.cluster.KMeans(n_clusters=param).fit(X)\n            labels=model.predict(X)\n\n        try:\n            sil_scores.append(silhouette_score(X,labels))\n            params.append(param)\n        except:\n            continue\n\n        if(i_print): print(param,sil_scores[-1])\n\n        if(sil_scores[-1]>sil_max):\n             opt_param=param\n             sil_max=sil_scores[-1]\n             opt_labels=labels\n\n    print(\"OPTIMAL PARAMETER =\",opt_param)\n\n    if(i_plot):\n        fig, ax = plt.subplots()\n        ax.plot(params, sil_scores, \"-o\")\n        ax.set(xlabel='Hyper-parameter', ylabel='Silhouette')\n        plt.show()\n\n    return opt_labels\n```\n \n\n### K-means\n\n::: {.panel-tabset}\n\n## Optimal Parameters\n\n```{python}\n#| message: false\n#| warning: false\n#| code-fold: true\n\nopt_labels_kmeans = maximize_silhouette(X_pca, algo=\"kmeans\", nmax=12, i_plot=True)\n```\n\n## Clustering\n\n```{python}\n#| message: false\n#| warning: false\n#| code-fold: true\n#| code-show: 'K-Means'\n\nclusters_kmeans = 2\nmodel_kmeans = sklearn.cluster.KMeans(n_clusters=clusters_kmeans).fit(X_pca)\nlabels_kmeans = model_kmeans.predict(X_pca)\n\nplot(X_pca,labels_kmeans)\n```\n\n:::\n\nUtilizing the maximize_silhouette function, the analysis reveals that the optimal parameter k for clustering is determined to be 2. This implies that, based on the silhouette score maximization, the most appropriate number of clusters for the given data is 2.\n\nThe scatterplot visualization illustrates the distinct clustering pattern generated by k-means. In this case, the algorithm successfully identified and separated the data into two clusters, mirroring the correct number of clusters required to categorize the hospitalization variable effectively. This visual confirmation not only validates the effectiveness of the silhouette-based optimization but also provides a tangible representation of the clustering outcome.\n\n### DBSCAN\n\n::: {.panel-tabset}\n\n## Optimal Parameters\n\n```{python}\n#| message: false\n#| warning: false\n#| code-fold: true\n\nopt_labels_dbscan = maximize_silhouette(X_pca, algo=\"dbscan\", nmax=12, i_plot=True)\n```\n\n## Clustering\n\n```{python}\n#| message: false\n#| warning: false\n#| code-fold: true\n#| code-show: 'DBSCAN'\n\nclusters_kmeans = 2.75\nmodel_DBSCAN = sklearn.cluster.DBSCAN(eps=clusters_kmeans).fit(X_pca)\nlabels_dbscan = model_DBSCAN.labels_\n\nplot(X_pca,labels_dbscan)\n```\n\n:::\n\nAfter running the maximizing the silhouette number, the optimal eps number for DBSCAN is 2.75. Using this number of the sklearn model, we can see that the clustering chosen was 2 distinct clusters. The clustering itself, however, is very off in comparison to the actual labels or K-means clustering. Very few datapoints are labeled in the color yellow, or \"yes\", meaning that this clustering is heavily skewed. Therefore, it appears that due to DBSCAN's use of the outlier detection and algorithm was ineffective in clustering in our data. \n\n### Hierarchical\n\n::: {.panel-tabset}\n\n## Optimal Parameters\n\n```{python}\n#| message: false\n#| warning: false\n#| code-fold: true\n#| \nopt_labels_ag = maximize_silhouette(X_pca, algo=\"ag\", nmax=12, i_plot=True)\n```\n\n## Clustering\n\n```{python}\n#| message: false\n#| warning: false\n#| code-fold: true\n#| code-show: 'Hierarchical'\n\nclusters_ag = 2\nmodel_AG = sklearn.cluster.AgglomerativeClustering(n_clusters=clusters_ag).fit(X_pca)\nlabels_ag = model_AG.labels_\n\nplot(X_pca,labels_ag)\n```\n\n:::\n\nUsing the maximum silhouette function, we can see that the optimal parameter is 2. Using this parameter in the hierarchy model, we get a clustering very similar to k-means, with the slight difference being more clustering to the \"no\" label on the top of the plot. The clusters are clear and the number of clusters is also accurate to the hospitalization data.  \n\n## Results\n\nOf the 3 clustering algorithms, we can see that K-means and hierarchical clustering both created 2 distinct clusters and clustered to the actual labels within the supervised data. In terms of DBSCAN, we can see that the optimal parameter, 2.75, resulted in a clustering model that created a visually \"random\" scatterplot as opposed to clusters.\n\n## Conclusion\n\nThus, after analyzing the results of the three clustering models, we can draw conclusions about both the models and the data at hand. Primarily, the models produced, k-means and hierarchy created clusters that were accurate to the supervised labeled data for hospitalization. The best of the three models was hierarchy, and this could be due to the fact that the hierarchical model uses a top-down approach with clustering in to the dwindle down to the strongest relationships in the data. This makes the most sense for the data at hand since the Harvard survey data had such a large number of symptoms. \n\nHowever, the most likely conclusion that can be made, rather than focusing on the models, is the data at hand. In both PCA and t-SNE, the scatterplot of the transformed X values, ignoring the Y labels, was visually separated into two clusters. However, these clusters in the data did not perfectly align with the labels for the hospitalization metric. Therefore, to better understand the survey data, it may be best to try to implement clustering with other target variables in order to find the one that's best represented by the symptom data at hand. ","srcMarkdownNoYaml":"\n\n```{python}\n#| echo: false\n#| warning: false\n#| code-fold: true\n#| code-show: \"Libraries\"\n\nimport pandas as pd\nimport seaborn as sns \nimport numpy as np\nimport matplotlib.pyplot as plt\nimport sklearn\nimport sklearn.cluster\n\nimport json\nfrom sklearn.metrics import silhouette_samples, silhouette_score\nfrom sklearn.datasets import load_digits\nfrom sklearn.manifold import TSNE\nfrom sklearn.preprocessing import StandardScaler\nfrom sklearn.decomposition import PCA\n\ndef plot(X,color_vector):\n    fig, ax = plt.subplots()\n    ax.scatter(X[:,0], X[:,1],c=color_vector, alpha=0.5) #, c=y\n    ax.set(xlabel='Feature-1 (x_1)', ylabel='Feature-2 (x_2)',\n    title='Cluster data')\n    ax.grid()\n    # fig.savefig(\"test.png\")\n    plt.show()\n\nharvard_covid = pd.read_csv(\"../../data/01-modified-data/harvard_long_covid_cleaned.csv\")\n\nX = harvard_covid.loc[:, 'kidney':'anxietydepression']\n\nY = harvard_covid['hospital_admission'].astype('category')\n\nY , _ = pd.factorize(harvard_covid['hospital_admission'])\nY_label = Y.astype(int)\n\n# Standardize the data\nscaler = StandardScaler()\nX_transform = scaler.fit_transform(X)\n\nn_components = 25\n\npca = PCA(n_components = n_components)\nX_pca = pca.fit_transform(X_transform)\n```\n\n## Introduction\n\n:::: {.columns}\n\n::: {.column width=\"50%\"}\nThe data above is polling data catered by Harvard University from Long Covid patients. The data is information on the individuals demographics, covid status, hospitalization information, and a plethora of questions regarding what symptoms they've experienced as a Long Covid patient. The symptoms are represented as individual variables, most of which are binarily represented, with a few variables numerically represented for rank. \n\nAs I mentioned in [data cleaning](https://shriya-chinthak.georgetown.domains/DSAN_5000/data-cleaning.html), the cleaned data contains 52 variables on symptoms that were recorded from Long Covid patients. The data also has a binary variable which states whether a person was hospitalized for the severity of their symptoms or not. Thus, we will use the symptoms as the X set and the target variable, or Y, as the hospitalized variable.  \n:::\n\n::: {.column width=\"5%\"}\n<!-- empty column to create gap -->\n:::\n\n::: {.column width=\"45%\"}\n![](images/clustering.png){fig-align=\"center\"}\n:::\n\n::::\n\nThe purpose of this clustering model is to determine whether the type of symptoms experienced during Long Covid determine the severity of Long Covid. Intuitively, the answer to this question is that there would be a strong relation to an increasing number of symptoms to an increased severity, however, classification can better determine this relationship. \n\n## Theory \nThe clustering methods we will take a look at is K-means, DBSCAN, and Hierarchy. First, let's provide an explanation of each clustering method. \n\nK-Means clustering is a method used to group individuals into 'k' number of clusters, where each cluster is represented by a centroid. In the context of Long Covid, this means identifying distinct subgroups of patients with similar symptom profiles. The algorithm assigns data points to the nearest centroid, initialized at random, and updates the centroid based on the mean of the assigned points. The 'k' value is chosen based on an understanding of potential subgroups within the data. With Long Covid, this could represent different severity levels or symptom clusters. \n\nNext, let's discuss DBSCAN. This algorithm, popularized through the sklearn package, identifies clusters based on regions of high data point density. In the context of Long Covid, this method can reveal clusters of patients with similar symptom patterns, even if the clusters have unique shapes, sizes, and radius. Data points not belonging to any cluster are considered outliers or noise, which DBSCAN will remove from the model. For Long Covid, DBSCAN might uncover less prevalent symptom patterns that could be crucial in understanding specific subsets of patients. \n\nLastly, we'll take a look at the Hierarchical algorithm. This method merges or divides clusters, initially randomized, until all individual data points are in their own clusters. This method is advantageous for understanding hierarchical relationships within the data. This may be considered a \"top-down\" approach in comparison to the other two models. \n\nFor model selection, ensuring the optimal 'k', a correct radius size, or a \"linkage\" method requires maximizing silhouette scores, which measures the cohesion and separation between clusters. Essentially, a higher silhouette score indicates better-defined clusters.\n\nThus, using these methods and the maximizing of silhouette scores to hyper tune the models, we'll determine which is the best to use for the context of our data science problems.\n\n## Methods\n\nPrimarily, we'll define the maximize_silhouette function which calculates the optimal parameter number for each type of model. Once the silhouette score is calculated at every parameter number until the maximum, a line plot is graphed to show the optimal parameter. As mentioned previously, the optimal parameter is the one that results in the highest silhouette score. \n\nTo further explain this function, maximize_silhouette is designed to find the optimal number of clusters for a clustering algorithm (specified by the algo parameter) by maximizing the silhouette score. The silhouette score is a measure of how well-defined the clusters are in a clustering result, with higher scores indicating more distinct and well-separated clusters.\n\nThe function takes as input a data matrix X, the choice of clustering algorithm, the maximum number of clusters to consider, and an option to visualize the silhouette scores. The algorithm choices include \"birch,\" \"ag\" (Agglomerative Clustering), \"dbscan\" (DBSCAN), and \"kmeans\" (K-Means).\n\nThe function iterates over different numbers of clusters, fits the specified clustering model to the data, calculates the silhouette score, and stores the results. The optimal number of clusters is determined by the maximum silhouette score. If visualization is enabled (i_plot=True), the function generates a plot showing the silhouette scores for different numbers of clusters.\n\nThe optimal cluster labels corresponding to the optimal parameter are returned by the function. This code is useful for automating the process of finding the optimal number of clusters based on silhouette scores, aiding in the selection of an appropriate clustering configuration for the given data.\n\n\n```{python}\n#| message: false\n#| warning: false\n#| code-fold: true\n#| code-show: \"Maximize Silhouette\"\n\ndef maximize_silhouette(X,algo=\"birch\",nmax=20,i_plot=False):\n\n    # PARAM\n    i_print=False\n\n    #FORCE CONTIGUOUS\n    X=np.ascontiguousarray(X)\n\n    # LOOP OVER HYPER-PARAM\n    params=[]; \n    sil_scores=[]\n    sil_max=-10\n\n    for param in range(2,nmax+1):\n        if(algo==\"ag\"):\n            model = sklearn.cluster.AgglomerativeClustering(n_clusters=param).fit(X)\n            labels=model.labels_\n\n        if(algo==\"dbscan\"):\n            param=0.25*(param-1)\n            model = sklearn.cluster.DBSCAN(eps=param).fit(X)\n            labels=model.labels_\n\n        if(algo==\"kmeans\"):\n            model = sklearn.cluster.KMeans(n_clusters=param).fit(X)\n            labels=model.predict(X)\n\n        try:\n            sil_scores.append(silhouette_score(X,labels))\n            params.append(param)\n        except:\n            continue\n\n        if(i_print): print(param,sil_scores[-1])\n\n        if(sil_scores[-1]>sil_max):\n             opt_param=param\n             sil_max=sil_scores[-1]\n             opt_labels=labels\n\n    print(\"OPTIMAL PARAMETER =\",opt_param)\n\n    if(i_plot):\n        fig, ax = plt.subplots()\n        ax.plot(params, sil_scores, \"-o\")\n        ax.set(xlabel='Hyper-parameter', ylabel='Silhouette')\n        plt.show()\n\n    return opt_labels\n```\n \n\n### K-means\n\n::: {.panel-tabset}\n\n## Optimal Parameters\n\n```{python}\n#| message: false\n#| warning: false\n#| code-fold: true\n\nopt_labels_kmeans = maximize_silhouette(X_pca, algo=\"kmeans\", nmax=12, i_plot=True)\n```\n\n## Clustering\n\n```{python}\n#| message: false\n#| warning: false\n#| code-fold: true\n#| code-show: 'K-Means'\n\nclusters_kmeans = 2\nmodel_kmeans = sklearn.cluster.KMeans(n_clusters=clusters_kmeans).fit(X_pca)\nlabels_kmeans = model_kmeans.predict(X_pca)\n\nplot(X_pca,labels_kmeans)\n```\n\n:::\n\nUtilizing the maximize_silhouette function, the analysis reveals that the optimal parameter k for clustering is determined to be 2. This implies that, based on the silhouette score maximization, the most appropriate number of clusters for the given data is 2.\n\nThe scatterplot visualization illustrates the distinct clustering pattern generated by k-means. In this case, the algorithm successfully identified and separated the data into two clusters, mirroring the correct number of clusters required to categorize the hospitalization variable effectively. This visual confirmation not only validates the effectiveness of the silhouette-based optimization but also provides a tangible representation of the clustering outcome.\n\n### DBSCAN\n\n::: {.panel-tabset}\n\n## Optimal Parameters\n\n```{python}\n#| message: false\n#| warning: false\n#| code-fold: true\n\nopt_labels_dbscan = maximize_silhouette(X_pca, algo=\"dbscan\", nmax=12, i_plot=True)\n```\n\n## Clustering\n\n```{python}\n#| message: false\n#| warning: false\n#| code-fold: true\n#| code-show: 'DBSCAN'\n\nclusters_kmeans = 2.75\nmodel_DBSCAN = sklearn.cluster.DBSCAN(eps=clusters_kmeans).fit(X_pca)\nlabels_dbscan = model_DBSCAN.labels_\n\nplot(X_pca,labels_dbscan)\n```\n\n:::\n\nAfter running the maximizing the silhouette number, the optimal eps number for DBSCAN is 2.75. Using this number of the sklearn model, we can see that the clustering chosen was 2 distinct clusters. The clustering itself, however, is very off in comparison to the actual labels or K-means clustering. Very few datapoints are labeled in the color yellow, or \"yes\", meaning that this clustering is heavily skewed. Therefore, it appears that due to DBSCAN's use of the outlier detection and algorithm was ineffective in clustering in our data. \n\n### Hierarchical\n\n::: {.panel-tabset}\n\n## Optimal Parameters\n\n```{python}\n#| message: false\n#| warning: false\n#| code-fold: true\n#| \nopt_labels_ag = maximize_silhouette(X_pca, algo=\"ag\", nmax=12, i_plot=True)\n```\n\n## Clustering\n\n```{python}\n#| message: false\n#| warning: false\n#| code-fold: true\n#| code-show: 'Hierarchical'\n\nclusters_ag = 2\nmodel_AG = sklearn.cluster.AgglomerativeClustering(n_clusters=clusters_ag).fit(X_pca)\nlabels_ag = model_AG.labels_\n\nplot(X_pca,labels_ag)\n```\n\n:::\n\nUsing the maximum silhouette function, we can see that the optimal parameter is 2. Using this parameter in the hierarchy model, we get a clustering very similar to k-means, with the slight difference being more clustering to the \"no\" label on the top of the plot. The clusters are clear and the number of clusters is also accurate to the hospitalization data.  \n\n## Results\n\nOf the 3 clustering algorithms, we can see that K-means and hierarchical clustering both created 2 distinct clusters and clustered to the actual labels within the supervised data. In terms of DBSCAN, we can see that the optimal parameter, 2.75, resulted in a clustering model that created a visually \"random\" scatterplot as opposed to clusters.\n\n## Conclusion\n\nThus, after analyzing the results of the three clustering models, we can draw conclusions about both the models and the data at hand. Primarily, the models produced, k-means and hierarchy created clusters that were accurate to the supervised labeled data for hospitalization. The best of the three models was hierarchy, and this could be due to the fact that the hierarchical model uses a top-down approach with clustering in to the dwindle down to the strongest relationships in the data. This makes the most sense for the data at hand since the Harvard survey data had such a large number of symptoms. \n\nHowever, the most likely conclusion that can be made, rather than focusing on the models, is the data at hand. In both PCA and t-SNE, the scatterplot of the transformed X values, ignoring the Y labels, was visually separated into two clusters. However, these clusters in the data did not perfectly align with the labels for the hospitalization metric. Therefore, to better understand the survey data, it may be best to try to implement clustering with other target variables in order to find the one that's best represented by the symptom data at hand. "},"formats":{"html":{"identifier":{"display-name":"HTML","target-format":"html","base-format":"html"},"execute":{"fig-width":7,"fig-height":5,"fig-format":"retina","fig-dpi":96,"df-print":"default","error":false,"eval":true,"cache":null,"freeze":false,"echo":true,"output":true,"warning":true,"include":true,"keep-md":false,"keep-ipynb":false,"ipynb":null,"enabled":null,"daemon":null,"daemon-restart":false,"debug":false,"ipynb-filters":[],"engine":"jupyter"},"render":{"keep-tex":false,"keep-source":false,"keep-hidden":false,"prefer-html":false,"output-divs":true,"output-ext":"html","fig-align":"default","fig-pos":null,"fig-env":null,"code-fold":"none","code-overflow":"scroll","code-link":false,"code-line-numbers":false,"code-tools":false,"tbl-colwidths":"auto","merge-includes":true,"inline-includes":false,"preserve-yaml":false,"latex-auto-mk":true,"latex-auto-install":true,"latex-clean":true,"latex-max-runs":10,"latex-makeindex":"makeindex","latex-makeindex-opts":[],"latex-tlmgr-opts":[],"latex-input-paths":[],"latex-output-dir":null,"link-external-icon":false,"link-external-newwindow":false,"self-contained-math":false,"format-resources":[],"notebook-links":true,"format-links":true},"pandoc":{"standalone":true,"wrap":"none","default-image-extension":"png","to":"html","css":["styles.css"],"toc":true,"output-file":"clustering.html"},"language":{"toc-title-document":"Table of contents","toc-title-website":"On this page","related-formats-title":"Other Formats","related-notebooks-title":"Notebooks","source-notebooks-prefix":"Source","section-title-abstract":"Abstract","section-title-appendices":"Appendices","section-title-footnotes":"Footnotes","section-title-references":"References","section-title-reuse":"Reuse","section-title-copyright":"Copyright","section-title-citation":"Citation","appendix-attribution-cite-as":"For attribution, please cite this work as:","appendix-attribution-bibtex":"BibTeX citation:","title-block-author-single":"Author","title-block-author-plural":"Authors","title-block-affiliation-single":"Affiliation","title-block-affiliation-plural":"Affiliations","title-block-published":"Published","title-block-modified":"Modified","callout-tip-title":"Tip","callout-note-title":"Note","callout-warning-title":"Warning","callout-important-title":"Important","callout-caution-title":"Caution","code-summary":"Code","code-tools-menu-caption":"Code","code-tools-show-all-code":"Show All Code","code-tools-hide-all-code":"Hide All Code","code-tools-view-source":"View Source","code-tools-source-code":"Source Code","code-line":"Line","code-lines":"Lines","copy-button-tooltip":"Copy to Clipboard","copy-button-tooltip-success":"Copied!","repo-action-links-edit":"Edit this page","repo-action-links-source":"View source","repo-action-links-issue":"Report an issue","back-to-top":"Back to top","search-no-results-text":"No results","search-matching-documents-text":"matching documents","search-copy-link-title":"Copy link to search","search-hide-matches-text":"Hide additional matches","search-more-match-text":"more match in this document","search-more-matches-text":"more matches in this document","search-clear-button-title":"Clear","search-detached-cancel-button-title":"Cancel","search-submit-button-title":"Submit","search-label":"Search","toggle-section":"Toggle section","toggle-sidebar":"Toggle sidebar navigation","toggle-dark-mode":"Toggle dark mode","toggle-reader-mode":"Toggle reader mode","toggle-navigation":"Toggle navigation","crossref-fig-title":"Figure","crossref-tbl-title":"Table","crossref-lst-title":"Listing","crossref-thm-title":"Theorem","crossref-lem-title":"Lemma","crossref-cor-title":"Corollary","crossref-prp-title":"Proposition","crossref-cnj-title":"Conjecture","crossref-def-title":"Definition","crossref-exm-title":"Example","crossref-exr-title":"Exercise","crossref-ch-prefix":"Chapter","crossref-apx-prefix":"Appendix","crossref-sec-prefix":"Section","crossref-eq-prefix":"Equation","crossref-lof-title":"List of Figures","crossref-lot-title":"List of Tables","crossref-lol-title":"List of Listings","environment-proof-title":"Proof","environment-remark-title":"Remark","environment-solution-title":"Solution","listing-page-order-by":"Order By","listing-page-order-by-default":"Default","listing-page-order-by-date-asc":"Oldest","listing-page-order-by-date-desc":"Newest","listing-page-order-by-number-desc":"High to Low","listing-page-order-by-number-asc":"Low to High","listing-page-field-date":"Date","listing-page-field-title":"Title","listing-page-field-description":"Description","listing-page-field-author":"Author","listing-page-field-filename":"File Name","listing-page-field-filemodified":"Modified","listing-page-field-subtitle":"Subtitle","listing-page-field-readingtime":"Reading Time","listing-page-field-categories":"Categories","listing-page-minutes-compact":"{0} min","listing-page-category-all":"All","listing-page-no-matches":"No matching items"},"metadata":{"lang":"en","fig-responsive":true,"quarto-version":"1.3.450","theme":"minty","title":"Clustering"},"extensions":{"book":{"multiFile":true}}}},"projectFormats":["html"]}