{"title":"Concluding Thoughts","markdown":{"yaml":{"title":"Concluding Thoughts"},"headingText":"Future Study","containsRefs":false,"markdown":"\n\n```{css, echo=FALSE}\n.boxes {\nborder: 1.5px solid #87c8b5;\npadding: 10px;\nfont-size: 20px;\nbackground-color: #f9f9f9;\nmargin: 10px 5px 10px 5px;\nborder-radius: 10px;\ntext-align: center;\n}\n```\n\n```{r}\n#| echo: false\nx <- 1\n```\n\n\nIn our exploration of Long Covid, we adopted a comprehensive approach that drew upon diverse sources such as governmental data, public surveys, and media coverage. This multifaceted strategy allowed us to gain a nuanced understanding of Long Covid's global impact and the diverse ways it is being addressed. Given the current literature covering a wide array of symptoms, varying levels of severity, and the inherent uncertainties surrounding this relatively new phenomenon, deciphering the true nature of Long Covid and identifying those most at risk posed significant challenges.\n\nReturning to the core of our investigation, we revisit the ten data science questions that framed our analysis. These questions served as guiding pillars, steering our exploration through the complex landscape of Long Covid. By systematically addressing these inquiries, we aimed to unravel the intricate web of factors contributing to Long Covid's manifestation, its impact on different demographics, and the effectiveness of existing measures in mitigating its consequences. Our analysis sought not only to uncover patterns and trends but also to provide valuable insights that contribute to a more informed and nuanced understanding of Long Covid's implications on a global scale.\n\n---\n\n::: {.boxes}\n\n**Question 1:** How does gender and age affect one’s chances of experiencing long covid symptoms? \n\n**Question 9:** Can symptoms be used to predict a patient's demographic information? \n\n:::\n\n<div class='tableauPlaceholder' id='viz1701838217248' style='position: relative'><noscript><a href='#'><img alt='Symptoms by Sex ' src='https:&#47;&#47;public.tableau.com&#47;static&#47;images&#47;ha&#47;harvard_symptoms&#47;Sheet1&#47;1_rss.png' style='border: none' /></a></noscript><object class='tableauViz'  style='display:none;'><param name='host_url' value='https%3A%2F%2Fpublic.tableau.com%2F' /> <param name='embed_code_version' value='3' /> <param name='site_root' value='' /><param name='name' value='harvard_symptoms&#47;Sheet1' /><param name='tabs' value='no' /><param name='toolbar' value='yes' /><param name='static_image' value='https:&#47;&#47;public.tableau.com&#47;static&#47;images&#47;ha&#47;harvard_symptoms&#47;Sheet1&#47;1.png' /> <param name='animate_transition' value='yes' /><param name='display_static_image' value='yes' /><param name='display_spinner' value='yes' /><param name='display_overlay' value='yes' /><param name='display_count' value='yes' /><param name='language' value='en-US' /><param name='filter' value='publish=yes' /></object></div>\n<script type='text/javascript'>\nvar divElement = document.getElementById('viz1701838217248');\nvar vizElement = divElement.getElementsByTagName('object')[0];\nvizElement.style.width='100%';vizElement.style.height=(divElement.offsetWidth*0.75)+'px';\nvar scriptElement = document.createElement('script');\nscriptElement.src = 'https://public.tableau.com/javascripts/api/viz_v1.js';\nvizElement.parentNode.insertBefore(scriptElement, vizElement);</script>\n\n\nWe begin our exploration by delving into the manifestations of Long Covid symptoms with respect to sex and age. Our initial approach involves visualizing symptoms extracted from the Harvard Survey results categorized by sex. Our observations suggest a potential gender-specific divergence in the impact of Long Covid: men may be more susceptible to mental health issues, while women seem to exhibit physical symptoms linked to mental health, such as hair loss. This pattern is corroborated by findings in the CRIS UK Survey, where, within comparable age groups, men display slightly higher levels of stress and worry compared to women.\n\nIn our pursuit of understanding whether symptoms can serve as predictors for a patient's demographic information, we employ decision trees using data from the Harvard survey. Leveraging dimensionality reduction and clustering techniques, our initial exploration reveals that utilizing symptoms to predict hospitalization may not be the most effective approach. Consequently, we pivot our focus to predicting sex through decision trees, unveiling results aligned with our preliminary exploratory data analysis (EDA). The analysis suggests that, to some extent, most symptoms point toward the patient being female, with the exception of confusion, which tends to be more associated with men. Therefore, based on this self-reported data, it emerges that men might exhibit more mental-health related symptoms in response to Long Covid compared to women.\n\nFor future investigations, introducing a medical professional's verification of symptoms for each patient, rather than relying solely on survey data, would enhance the robustness of the study. Moreover, a larger and more comprehensive dataset could contribute to refined classification and deeper insights into the intricate dynamics of Long Covid symptoms across diverse demographics.\n\n---\n\n::: {.boxes}\n\n**Question 2:** Does pre-existing chronic illnesses make one more prone to experiencing long covid symptoms?\n\n**Question 3:**  In what ways does race affect the persistence of long covid symptoms?\n\n**Question 4:**  How might the existing research on long covid symptoms be skewed to the discussion of respiratory illnesses? \n\n**Question 5:**  What is the most common collection of symptoms present in someone with long covid? \n\n**Question 8:**  What symptoms are highly correlated with each other?\n\n:::\n\n---\n\n:::: {.columns}\n\n::: {.column width=\"40%\"}\n![](images/demographics.png){fig-align=\"center\"} \n:::\n\n::: {.column width=\"5%\"}\n<!-- empty column to create gap -->\n:::\n\n::: {.column width=\"55%\"}\n\nDelving deeper into our exploratory data analysis, we find answers to several pertinent questions. Confirming response to question 2, individuals with disabilities, particularly those with pre-existing health conditions, exhibit a higher frequency of symptoms and are more prone to experiencing Long Covid. This observation is further supported by the UK dataframe, where individuals with prior health issues are not only more symptomatic but also more susceptible to Long Covid. Examining the influence of race on Long Covid diagnosis reveals notable variations, with individuals of multiple races constituting the highest demographic affected.\n\nBuilding on this, our analysis underscores a critical revelation: the predominant symptoms associated with Long Covid are not primarily respiratory but rather mental in nature. Worry, stress, anxiety, and depression emerge as pervasive symptoms consistently observed across all survey data. Common symptoms encompassing various demographics include stress and worry, weakness, joint pain, and shortness of breath.\n\n:::\n\n::::\n\nUnveiling correlations between symptoms, we discern connections between respiratory symptoms like cough and various other symptoms. Additionally, we note commonplace associations such as constipation and appetite loss. This nuanced understanding of symptom correlations contributes to a more comprehensive grasp of the intricate manifestations of Long Covid across diverse individuals and conditions.\n\n--- \n\n::: {.boxes}\n\n**Question 6:** What is the sentiment of current media on the topic of long covid? \n\n**Question 7:** Is the sentiment on long covid in the media negative is comparison to other infectious diseases? \n\n:::\n\n:::: {.columns}\n\n::: {.column width=\"65%\"}\n\nSentiment analysis conducted on the news database we compiled yielded insightful findings. Our analysis led us to the conclusion that the current media portrayal of Long Covid is notably neutral when compared to coverage of other infectious diseases such as chickenpox and influenza. Several factors could contribute to this observation, one being the reduced prevalence of Long Covid in recent news cycles. In contrast, sentiment fluctuations in influenza reporting were particularly pronounced over the past month.\n\n:::\n\n::: {.column width=\"5%\"}\n<!-- empty column to create gap -->\n:::\n\n::: {.column width=\"30%\"}\n\n![](images/sentiment_news.png){fig-align=\"center\"}\n\n:::\n\n::::\n\nFurthermore, we applied Naive Bayes classification to categorize news reports among the three infectious diseases. Remarkably, we successfully developed a model capable of effectively discerning the topics of news articles. This achievement holds significant promise for future applications, especially if media coverage of Long Covid intensifies. The ability to automatically categorize news articles can provide valuable insights and aid in tracking the trajectory of media attention on Long Covid, offering a dynamic tool for ongoing analysis.\n\n---\n\n::: {.boxes}\n\n**Question 10:**  What is the government opinion on the state of long covid research/information through their public responses? \n\n:::\n\nLastly, our sentiment analysis unveils a positive tone within the President's memorandum regarding the necessary steps to address Long Covid in the United States. Despite lingering challenges such as grief, mental health impacts from the pandemic, and the persisting symptoms of Long Covid for many individuals, the optimistic stance of the government towards addressing Long Covid is a hopeful sign for the future of our society.\n\nIn the realm of data science and analysis, we confronted challenging questions surrounding Long Covid. We explored the nuanced roles of sex and age in Long Covid symptoms, scrutinized the influence of various demographics on the manifestation of symptoms, examined the media's neutral response to Long Covid, and observed the government's optimistic outlook for the future.\n\n\n\nLooking ahead, an ideal dataset would be one based on individual patient data rather than summary statistics, which would allow for enhanced opportunities for building more accurate models for future predictions. Additionally, an expanded collection of historical news on Long Covid, especially spanning the years 2021 and 2022, could provide intriguing insights into the evolution of sentiment over a more extended period. To gain a deeper understanding of the government's perspective, analyzing congressional hearings on Long Covid and exploring documentation from other countries would contribute to a more comprehensive and global approach to studying this condition.","srcMarkdownNoYaml":"\n\n```{css, echo=FALSE}\n.boxes {\nborder: 1.5px solid #87c8b5;\npadding: 10px;\nfont-size: 20px;\nbackground-color: #f9f9f9;\nmargin: 10px 5px 10px 5px;\nborder-radius: 10px;\ntext-align: center;\n}\n```\n\n```{r}\n#| echo: false\nx <- 1\n```\n\n\nIn our exploration of Long Covid, we adopted a comprehensive approach that drew upon diverse sources such as governmental data, public surveys, and media coverage. This multifaceted strategy allowed us to gain a nuanced understanding of Long Covid's global impact and the diverse ways it is being addressed. Given the current literature covering a wide array of symptoms, varying levels of severity, and the inherent uncertainties surrounding this relatively new phenomenon, deciphering the true nature of Long Covid and identifying those most at risk posed significant challenges.\n\nReturning to the core of our investigation, we revisit the ten data science questions that framed our analysis. These questions served as guiding pillars, steering our exploration through the complex landscape of Long Covid. By systematically addressing these inquiries, we aimed to unravel the intricate web of factors contributing to Long Covid's manifestation, its impact on different demographics, and the effectiveness of existing measures in mitigating its consequences. Our analysis sought not only to uncover patterns and trends but also to provide valuable insights that contribute to a more informed and nuanced understanding of Long Covid's implications on a global scale.\n\n---\n\n::: {.boxes}\n\n**Question 1:** How does gender and age affect one’s chances of experiencing long covid symptoms? \n\n**Question 9:** Can symptoms be used to predict a patient's demographic information? \n\n:::\n\n<div class='tableauPlaceholder' id='viz1701838217248' style='position: relative'><noscript><a href='#'><img alt='Symptoms by Sex ' src='https:&#47;&#47;public.tableau.com&#47;static&#47;images&#47;ha&#47;harvard_symptoms&#47;Sheet1&#47;1_rss.png' style='border: none' /></a></noscript><object class='tableauViz'  style='display:none;'><param name='host_url' value='https%3A%2F%2Fpublic.tableau.com%2F' /> <param name='embed_code_version' value='3' /> <param name='site_root' value='' /><param name='name' value='harvard_symptoms&#47;Sheet1' /><param name='tabs' value='no' /><param name='toolbar' value='yes' /><param name='static_image' value='https:&#47;&#47;public.tableau.com&#47;static&#47;images&#47;ha&#47;harvard_symptoms&#47;Sheet1&#47;1.png' /> <param name='animate_transition' value='yes' /><param name='display_static_image' value='yes' /><param name='display_spinner' value='yes' /><param name='display_overlay' value='yes' /><param name='display_count' value='yes' /><param name='language' value='en-US' /><param name='filter' value='publish=yes' /></object></div>\n<script type='text/javascript'>\nvar divElement = document.getElementById('viz1701838217248');\nvar vizElement = divElement.getElementsByTagName('object')[0];\nvizElement.style.width='100%';vizElement.style.height=(divElement.offsetWidth*0.75)+'px';\nvar scriptElement = document.createElement('script');\nscriptElement.src = 'https://public.tableau.com/javascripts/api/viz_v1.js';\nvizElement.parentNode.insertBefore(scriptElement, vizElement);</script>\n\n\nWe begin our exploration by delving into the manifestations of Long Covid symptoms with respect to sex and age. Our initial approach involves visualizing symptoms extracted from the Harvard Survey results categorized by sex. Our observations suggest a potential gender-specific divergence in the impact of Long Covid: men may be more susceptible to mental health issues, while women seem to exhibit physical symptoms linked to mental health, such as hair loss. This pattern is corroborated by findings in the CRIS UK Survey, where, within comparable age groups, men display slightly higher levels of stress and worry compared to women.\n\nIn our pursuit of understanding whether symptoms can serve as predictors for a patient's demographic information, we employ decision trees using data from the Harvard survey. Leveraging dimensionality reduction and clustering techniques, our initial exploration reveals that utilizing symptoms to predict hospitalization may not be the most effective approach. Consequently, we pivot our focus to predicting sex through decision trees, unveiling results aligned with our preliminary exploratory data analysis (EDA). The analysis suggests that, to some extent, most symptoms point toward the patient being female, with the exception of confusion, which tends to be more associated with men. Therefore, based on this self-reported data, it emerges that men might exhibit more mental-health related symptoms in response to Long Covid compared to women.\n\nFor future investigations, introducing a medical professional's verification of symptoms for each patient, rather than relying solely on survey data, would enhance the robustness of the study. Moreover, a larger and more comprehensive dataset could contribute to refined classification and deeper insights into the intricate dynamics of Long Covid symptoms across diverse demographics.\n\n---\n\n::: {.boxes}\n\n**Question 2:** Does pre-existing chronic illnesses make one more prone to experiencing long covid symptoms?\n\n**Question 3:**  In what ways does race affect the persistence of long covid symptoms?\n\n**Question 4:**  How might the existing research on long covid symptoms be skewed to the discussion of respiratory illnesses? \n\n**Question 5:**  What is the most common collection of symptoms present in someone with long covid? \n\n**Question 8:**  What symptoms are highly correlated with each other?\n\n:::\n\n---\n\n:::: {.columns}\n\n::: {.column width=\"40%\"}\n![](images/demographics.png){fig-align=\"center\"} \n:::\n\n::: {.column width=\"5%\"}\n<!-- empty column to create gap -->\n:::\n\n::: {.column width=\"55%\"}\n\nDelving deeper into our exploratory data analysis, we find answers to several pertinent questions. Confirming response to question 2, individuals with disabilities, particularly those with pre-existing health conditions, exhibit a higher frequency of symptoms and are more prone to experiencing Long Covid. This observation is further supported by the UK dataframe, where individuals with prior health issues are not only more symptomatic but also more susceptible to Long Covid. Examining the influence of race on Long Covid diagnosis reveals notable variations, with individuals of multiple races constituting the highest demographic affected.\n\nBuilding on this, our analysis underscores a critical revelation: the predominant symptoms associated with Long Covid are not primarily respiratory but rather mental in nature. Worry, stress, anxiety, and depression emerge as pervasive symptoms consistently observed across all survey data. Common symptoms encompassing various demographics include stress and worry, weakness, joint pain, and shortness of breath.\n\n:::\n\n::::\n\nUnveiling correlations between symptoms, we discern connections between respiratory symptoms like cough and various other symptoms. Additionally, we note commonplace associations such as constipation and appetite loss. This nuanced understanding of symptom correlations contributes to a more comprehensive grasp of the intricate manifestations of Long Covid across diverse individuals and conditions.\n\n--- \n\n::: {.boxes}\n\n**Question 6:** What is the sentiment of current media on the topic of long covid? \n\n**Question 7:** Is the sentiment on long covid in the media negative is comparison to other infectious diseases? \n\n:::\n\n:::: {.columns}\n\n::: {.column width=\"65%\"}\n\nSentiment analysis conducted on the news database we compiled yielded insightful findings. Our analysis led us to the conclusion that the current media portrayal of Long Covid is notably neutral when compared to coverage of other infectious diseases such as chickenpox and influenza. Several factors could contribute to this observation, one being the reduced prevalence of Long Covid in recent news cycles. In contrast, sentiment fluctuations in influenza reporting were particularly pronounced over the past month.\n\n:::\n\n::: {.column width=\"5%\"}\n<!-- empty column to create gap -->\n:::\n\n::: {.column width=\"30%\"}\n\n![](images/sentiment_news.png){fig-align=\"center\"}\n\n:::\n\n::::\n\nFurthermore, we applied Naive Bayes classification to categorize news reports among the three infectious diseases. Remarkably, we successfully developed a model capable of effectively discerning the topics of news articles. This achievement holds significant promise for future applications, especially if media coverage of Long Covid intensifies. The ability to automatically categorize news articles can provide valuable insights and aid in tracking the trajectory of media attention on Long Covid, offering a dynamic tool for ongoing analysis.\n\n---\n\n::: {.boxes}\n\n**Question 10:**  What is the government opinion on the state of long covid research/information through their public responses? \n\n:::\n\nLastly, our sentiment analysis unveils a positive tone within the President's memorandum regarding the necessary steps to address Long Covid in the United States. Despite lingering challenges such as grief, mental health impacts from the pandemic, and the persisting symptoms of Long Covid for many individuals, the optimistic stance of the government towards addressing Long Covid is a hopeful sign for the future of our society.\n\nIn the realm of data science and analysis, we confronted challenging questions surrounding Long Covid. We explored the nuanced roles of sex and age in Long Covid symptoms, scrutinized the influence of various demographics on the manifestation of symptoms, examined the media's neutral response to Long Covid, and observed the government's optimistic outlook for the future.\n\n\n## Future Study\n\nLooking ahead, an ideal dataset would be one based on individual patient data rather than summary statistics, which would allow for enhanced opportunities for building more accurate models for future predictions. Additionally, an expanded collection of historical news on Long Covid, especially spanning the years 2021 and 2022, could provide intriguing insights into the evolution of sentiment over a more extended period. To gain a deeper understanding of the government's perspective, analyzing congressional hearings on Long Covid and exploring documentation from other countries would contribute to a more comprehensive and global approach to studying this condition."},"formats":{"html":{"identifier":{"display-name":"HTML","target-format":"html","base-format":"html"},"execute":{"fig-width":7,"fig-height":5,"fig-format":"retina","fig-dpi":96,"df-print":"default","error":false,"eval":true,"cache":null,"freeze":false,"echo":true,"output":true,"warning":true,"include":true,"keep-md":false,"keep-ipynb":false,"ipynb":null,"enabled":null,"daemon":null,"daemon-restart":false,"debug":false,"ipynb-filters":[],"engine":"knitr"},"render":{"keep-tex":false,"keep-source":false,"keep-hidden":false,"prefer-html":false,"output-divs":true,"output-ext":"html","fig-align":"default","fig-pos":null,"fig-env":null,"code-fold":"none","code-overflow":"scroll","code-link":false,"code-line-numbers":false,"code-tools":false,"tbl-colwidths":"auto","merge-includes":true,"inline-includes":false,"preserve-yaml":false,"latex-auto-mk":true,"latex-auto-install":true,"latex-clean":true,"latex-max-runs":10,"latex-makeindex":"makeindex","latex-makeindex-opts":[],"latex-tlmgr-opts":[],"latex-input-paths":[],"latex-output-dir":null,"link-external-icon":false,"link-external-newwindow":false,"self-contained-math":false,"format-resources":[],"notebook-links":true,"format-links":true},"pandoc":{"standalone":true,"wrap":"none","default-image-extension":"png","to":"html","css":["styles.css"],"toc":true,"output-file":"conclusions.html"},"language":{"toc-title-document":"Table of contents","toc-title-website":"On this page","related-formats-title":"Other Formats","related-notebooks-title":"Notebooks","source-notebooks-prefix":"Source","section-title-abstract":"Abstract","section-title-appendices":"Appendices","section-title-footnotes":"Footnotes","section-title-references":"References","section-title-reuse":"Reuse","section-title-copyright":"Copyright","section-title-citation":"Citation","appendix-attribution-cite-as":"For attribution, please cite this work as:","appendix-attribution-bibtex":"BibTeX citation:","title-block-author-single":"Author","title-block-author-plural":"Authors","title-block-affiliation-single":"Affiliation","title-block-affiliation-plural":"Affiliations","title-block-published":"Published","title-block-modified":"Modified","callout-tip-title":"Tip","callout-note-title":"Note","callout-warning-title":"Warning","callout-important-title":"Important","callout-caution-title":"Caution","code-summary":"Code","code-tools-menu-caption":"Code","code-tools-show-all-code":"Show All Code","code-tools-hide-all-code":"Hide All Code","code-tools-view-source":"View Source","code-tools-source-code":"Source Code","code-line":"Line","code-lines":"Lines","copy-button-tooltip":"Copy to Clipboard","copy-button-tooltip-success":"Copied!","repo-action-links-edit":"Edit this page","repo-action-links-source":"View source","repo-action-links-issue":"Report an issue","back-to-top":"Back to top","search-no-results-text":"No results","search-matching-documents-text":"matching documents","search-copy-link-title":"Copy link to search","search-hide-matches-text":"Hide additional matches","search-more-match-text":"more match in this document","search-more-matches-text":"more matches in this document","search-clear-button-title":"Clear","search-detached-cancel-button-title":"Cancel","search-submit-button-title":"Submit","search-label":"Search","toggle-section":"Toggle section","toggle-sidebar":"Toggle sidebar navigation","toggle-dark-mode":"Toggle dark mode","toggle-reader-mode":"Toggle reader mode","toggle-navigation":"Toggle navigation","crossref-fig-title":"Figure","crossref-tbl-title":"Table","crossref-lst-title":"Listing","crossref-thm-title":"Theorem","crossref-lem-title":"Lemma","crossref-cor-title":"Corollary","crossref-prp-title":"Proposition","crossref-cnj-title":"Conjecture","crossref-def-title":"Definition","crossref-exm-title":"Example","crossref-exr-title":"Exercise","crossref-ch-prefix":"Chapter","crossref-apx-prefix":"Appendix","crossref-sec-prefix":"Section","crossref-eq-prefix":"Equation","crossref-lof-title":"List of Figures","crossref-lot-title":"List of Tables","crossref-lol-title":"List of Listings","environment-proof-title":"Proof","environment-remark-title":"Remark","environment-solution-title":"Solution","listing-page-order-by":"Order By","listing-page-order-by-default":"Default","listing-page-order-by-date-asc":"Oldest","listing-page-order-by-date-desc":"Newest","listing-page-order-by-number-desc":"High to Low","listing-page-order-by-number-asc":"Low to High","listing-page-field-date":"Date","listing-page-field-title":"Title","listing-page-field-description":"Description","listing-page-field-author":"Author","listing-page-field-filename":"File Name","listing-page-field-filemodified":"Modified","listing-page-field-subtitle":"Subtitle","listing-page-field-readingtime":"Reading Time","listing-page-field-categories":"Categories","listing-page-minutes-compact":"{0} min","listing-page-category-all":"All","listing-page-no-matches":"No matching items"},"metadata":{"lang":"en","fig-responsive":true,"quarto-version":"1.3.450","theme":"minty","title":"Concluding Thoughts"},"extensions":{"book":{"multiFile":true}}}},"projectFormats":["html"]}