{"title":"Data Cleaning","markdown":{"yaml":{"title":"Data Cleaning"},"headingText":"CDC Long Covid Survey","containsRefs":false,"markdown":"\n\n```{css, echo=FALSE}\nimg{\n  border: 3px solid #78c2ae; /* Minty color, adjust as needed */\n  padding: 2px; /* Adjust padding as needed */\n}\n```\n\nPrior to analyzing our data, we first need to clean it. Data cleaning plays a pivotal role in the realm of data science as it serves as the foundation for robust and reliable analyses. Raw data is often messy, meaning that it contains errors, inconsistencies, and missing values that can impede accurate insights and decision-making. The process of data cleaning involves identifying and rectifying these anomalies, ensuring that the dataset is accurate, consistent, and complete. By  addressing issues such as outliers, duplicates, and inaccuracies, data scientists enhance the quality of their analyses and models. Ultimately, the success of any data science endeavor hinges on the data cleaning phase, as it lays the groundwork for informed, trustworthy, and impactful data-driven conclusions.\n\nAs we previously mentioned, this data originally comes from survey data sourced by the CDC. Initially, we can obtain the macros of the data as follows: \n\n---\n\n```{r}\n#| echo: false\n#| warning: false\nlibrary(tidyverse)\nlibrary(stringr)\nlibrary(reticulate)\nlibrary(tidyverse)\nlibrary(readxl)\nlibrary(janitor)\n\nuse_python(\"/usr/local/bin/python3\", require = T)\nknitr::knit_engines$set(python = reticulate::eng_python)\n```\n\n```{r, echo=FALSE, fig.cap=\"Output in a Box\"}\n\ncdc <- read.csv(\"../../data/00-raw-data/cdc_raw.csv\")\noutput_data <- glimpse(cdc)\n```\n\n---\n\nFrom this description of the data, we can see issues with NA values, data types and string data. In order to clean the data, I did the following. You can find the documented code for this cleaning process below. \n\n1. First, I dropped the columns related to quartiles (`quartile_range`, `quartile_number`, and `suppression_flag`) as they are irrelevant to our future analysis. \n\n2. Since the values in the column `indicator` are quite long, I decided to create a numerical key system where each number corresponds to a unique values of the `indicator`. This is helpful for future categorization techinques as well as with readability.  \n\n3. Next, I dropped interval columns (`time_period_label` and `confidence_interval`) since the time interval information is already represented in the columns `time_period_start_date` and `time_period_end_date` and the confidence interval is not needed for future analysis. \n\n4. In order to utilize time, I needed to convert the current start and end time columns into datatime data types. \n\n5. We can see that within the `group` column, serveral of the data points begin within the phrase \"By \". Thus, we will remove it from all values in that column. This will improve any efforts on clustering/decision trees as well as make the data more readable. \n\n6. Lastly, I decided to remove all rows where the value column was NA, thus eliminating all NA values in the dataset. 12.5% of the original dataset was filtered out. I made this decision since the column `value` is our main focus of analysis and replacing any NAs with zeros would be compromising the integrity of the data and the representation of certain demographics. \n\n```{r}\n#| code-fold: true\n#| code-summary: \"CDC Data Cleaning\"\n#| eval: false\n#Let's drop the last three columns related to quartiles since it is unnessesary. \ncdc <- cdc %>%\n  select(-quartile_range, -quartile_number, -suppression_flag)\n\n#Now, let's check the unique values of indicator to condense the values since they're a little too long\ncdc_keys <- cdc %>%\n  select(indicator) %>%\n  distinct()\n\ncdc_keys <- cdc_keys %>%\n  mutate(key = 1:nrow(cdc_keys))\n\n#Since there are 10 unique categories, we'll create a new column with a key, such that the number matches up with a value. \ncdc <- cdc %>%\n  right_join(cdc_keys, by = \"indicator\")\n\n#We can also eliminate time_period_label and confidence_interval as both values are repeated in other columns \ncdc <- cdc %>%\n  select(-time_period_label, -confidence_interval)\n\n#Now, let's make the time start and time end datetime variables\ncdc <- cdc %>%\n  mutate(time_period_start_date = as.Date(time_period_start_date)) %>%\n  mutate(time_period_end_date = as.Date(time_period_end_date))\n\n#Let's look at the unique values for the group column and adjust as needed:\n\ncdc <- cdc %>%\n  mutate(group = str_replace(group, \"^By\\\\s\", \"\"))\n\n#We also need to check for any na values \n\n#cdc %>% summarise_all(~ sum(is.na(.)))\n\n#From this we can say that the columns that have na's are all value and the corresponding lowci and highci. Thus, since the main variable we are tracking is value, we will go ahead and drop all rows where value = NA. Viewing the data, there also appears to be a connection between phace = -1 and the NA values. \n\ncdc <- cdc %>%\n  filter(!is.na(value))\n\n# cdc %>% summarise_all(~ sum(is.na(.)))\n#The data no longer has NA's! We can also see that this decision filtered out 12.5% of the original dataset. \n\n#Lastly, we'll get rid of the indicator column and show the cleaned data:\ncdc <- cdc %>%\n  select(-indicator)\n\nwrite.csv(cdc, \"../../data/01-modified-data/cdc_clean.csv\")\n```\n\nAs described in step two, I have created a key for the descriptive categories within the dataset. The chart below shows the keys and their respective description. \n\n![CDC Keys](images/cdc_keys_clean.png){width=70% fig-align='center'}\n\n**[CDC Cleaned Data](https://github.com/anly501/dsan-5000-project-schinthak/blob/main/data/01-modified-data/cdc_clean.csv)**\n\n\n## UK Symptom Survey\nAmongst the data obtained through the UK survey, I will be focusing on survey data regarding symptoms related to prior health, ethnicity, age and sex,  as well as employement status. The raw data would be classified as very messy, with most of the column names unreadable and data types unclear. Thus, I did the following for all four datasets in order to clean the data. \n\n1. Since the formatting of the excel sheet is not in a traditional record format, we'll need to remove some empty columns. Thus, I removed the first four rows, since they were empty. \n\n2. Next, we'll remove the top row of the dataframe and make those values the column names. \n\n3. Using the janitor package in R, we'll also make the column names \"tidy\". This means the names will be lower case without any spaces. \n\n4. The columns `estimate`, `lower_confidence_bound`, and `upper_confidence_bound` need to be datatype double, so we will type cast those columns. \n\n5. Next, we will check for NA values. If there are NA values in the estimate column, this means that that group's data was not collected in the survey. Thus, we'll drop those rows and report the loss of data (please see commented code for the exact percentage of data lost on each dataframe). \n\n6. Thus, we'll save the cleaned datasets into csv files. \n\n7. I repeated steps 1-6 for all four sheets of the data since they were all formatted in the same manner. \n\n8. Lastly, since all four datasets have the same columns, I'll bind all four dataframes into one large dataset to represent the long covid survey statistics from CRIS in the United Kingdom. \n\n```{r}\n#| code-fold: true\n#| code-summary: \"UK Survey Data Cleaning\"\n#| output: false\n#| eval: false\n\nlong_covid_uk_age_sex <- read_excel(\"../../data/00-raw-data/longcovid_uk.xlsx\", sheet = 'Table 1')\nlong_covid_uk_ethnic <- read_excel(\"../../data/00-raw-data/longcovid_uk.xlsx\", sheet = 'Table 2')\nlong_covid_uk_health <- read_excel(\"../../data/00-raw-data/longcovid_uk.xlsx\", sheet = 'Table 3')\nlong_covid_uk_job <- read_excel(\"../../data/00-raw-data/longcovid_uk.xlsx\", sheet = 'Table 4')\n\n#For Long Covid with regards to Health \n\n#First, we'll remove the first three rows since they're all empty. \nlong_covid_uk_health <- long_covid_uk_health %>%\n  filter(!row_number() %in% c(1, 2, 3, 4))\n\n#Next, we'll make top row the column names:\nlong_covid_uk_health <- long_covid_uk_health %>%\n  purrr::set_names(as.character(slice(., 1))) %>%\n  slice(-1)\n\n#Now, we need to name the column names tidy:\nlong_covid_uk_health <- long_covid_uk_health %>%\n  clean_names()\n\n#Next, we'll need to change the datatypes of certain columns. \nlong_covid_uk_health <- long_covid_uk_health %>%\n  mutate(estimate = as.double(estimate)) %>%\n  mutate(lower_95_percent_confidence_limit = as.double(lower_95_percent_confidence_limit)) %>%\n  mutate(upper_95_percent_confidence_limit = as.double(upper_95_percent_confidence_limit))\n\n#Checking for NA values:\nlong_covid_uk_health %>%\n  summarise_all(~ sum(is.na(.)))\n#No NA values! \n\n#Let's see the cleaned data: \nhead(long_covid_uk_health)\nwrite.csv(long_covid_uk_health, \"../../data/01-modified-data/long_covid_uk_health_clean.csv\")\n\n#For Long Covid with regards to Employement Status:\n\n#Now, we'll do the same cleaning for employement status data since it's the same format:\nlong_covid_uk_job <- long_covid_uk_job %>%\n  filter(!row_number() %in% c(1, 2, 3, 4))\n\n#Next, we'll make top row the column names:\nlong_covid_uk_job <- long_covid_uk_job %>%\n  purrr::set_names(as.character(slice(., 1))) %>%\n  slice(-1)\n\n#Now, we need to name the column names tidy:\nlong_covid_uk_job <- long_covid_uk_job %>%\n  clean_names()\n\n#Next, we'll need to change the datatypes of certain columns. \nlong_covid_uk_job <- long_covid_uk_job %>%\n  mutate(estimate = as.double(estimate)) %>%\n  mutate(lower_95_percent_confidence_limit = as.double(lower_95_percent_confidence_limit)) %>%\n  mutate(upper_95_percent_confidence_limit = as.double(upper_95_percent_confidence_limit))\n\n#Checking for NA values:\nlong_covid_uk_job %>%\n  summarise_all(~ sum(is.na(.)))\n#There are a significant number of NA values for estimate and the confidence intervals. \n#Since these are for specific groups, the NA's mean that data was not collected for these groups. \n#Since we can't use \"other\" groups to estimate this data, we will drop these rows. \n#This results is a loss of 13% of the original dataset. \nlong_covid_uk_job <- long_covid_uk_job %>%\n  filter(!is.na(estimate))\n\nhead(long_covid_uk_job)\nwrite.csv(long_covid_uk_job, \"../../data/01-modified-data/long_covid_uk_job_clean.csv\")\n\n#Now, we'll do the same cleaning for employement status data since it's the same format:\nlong_covid_uk_age_sex <- long_covid_uk_age_sex %>%\n  filter(!row_number() %in% c(1, 2, 3, 4))\n\n#Next, we'll make top row the column names:\nlong_covid_uk_age_sex <- long_covid_uk_age_sex %>%\n  purrr::set_names(as.character(slice(., 1))) %>%\n  slice(-1)\n\n#Now, we need to name the column names tidy:\nlong_covid_uk_age_sex <- long_covid_uk_age_sex %>%\n  clean_names()\n\n#Next, we'll need to change the datatypes of certain columns. \nlong_covid_uk_age_sex <- long_covid_uk_age_sex %>%\n  mutate(estimate = as.double(estimate)) %>%\n  mutate(lower_95_percent_confidence_limit = as.double(lower_95_percent_confidence_limit)) %>%\n  mutate(upper_95_percent_confidence_limit = as.double(upper_95_percent_confidence_limit))\n\n#Checking for NA values:\nlong_covid_uk_age_sex %>%\n  summarise_all(~ sum(is.na(.)))\n\n#There are a significant number of NA values for estimate and the confidence intervals. \n#Since these are for specific groups, the NA's mean that data was not collected for these groups. \n#Since we can't use \"other\" groups to estimate this data, we will drop these rows. \n#This results is a loss of 16.9% of the original dataset. \nlong_covid_uk_age_sex <- long_covid_uk_age_sex %>%\n  filter(!is.na(estimate))\n\nhead(long_covid_uk_age_sex)\nwrite.csv(long_covid_uk_age_sex, \"../../data/01-modified-data/long_covid_uk_age_sex_clean.csv\")\n\n#Now, we'll do the same cleaning for employement status data since it's the same format:\nlong_covid_uk_ethnic <- long_covid_uk_ethnic %>%\n  filter(!row_number() %in% c(1, 2, 3, 4))\n\n#Next, we'll make top row the column names:\nlong_covid_uk_ethnic <- long_covid_uk_ethnic %>%\n  purrr::set_names(as.character(slice(., 1))) %>%\n  slice(-1)\n\n#Now, we need to name the column names tidy:\nlong_covid_uk_ethnic <- long_covid_uk_ethnic %>%\n  clean_names()\n\n#Next, we'll need to change the datatypes of certain columns. \nlong_covid_uk_ethnic <- long_covid_uk_ethnic %>%\n  mutate(estimate = as.double(estimate)) %>%\n  mutate(lower_95_percent_confidence_limit = as.double(lower_95_percent_confidence_limit)) %>%\n  mutate(upper_95_percent_confidence_limit = as.double(upper_95_percent_confidence_limit))\n\n#Checking for NA values:\nlong_covid_uk_ethnic %>%\n  summarise_all(~ sum(is.na(.)))\n#There are a significant number of NA values for estimate and the confidence intervals. \n#Since these are for specific groups, the NA's mean that data was not collected for these groups. \n#Since we can't use \"other\" groups to estimate this data, we will drop these rows. \n#This results is a loss of 1.8% of the original dataset. \nlong_covid_uk_ethnic <- long_covid_uk_ethnic %>%\n  filter(!is.na(estimate))\n\nhead(long_covid_uk_ethnic)\nwrite.csv(long_covid_uk_ethnic, \"../../data/01-modified-data/long_covid_uk_ethnic_clean.csv\")\n\n#Merging the uk data together:\nlong_covid_uk <- bind_rows(long_covid_uk_age_sex, long_covid_uk_ethnic, \n                           long_covid_uk_health, long_covid_uk_job)\nwrite.csv(long_covid_uk, \"../../data/01-modified-data/long_covid_uk_clean.csv\")\n```\n\n---\n\n![Long Covid UK Survey Data - Cleaned](images/symptom_cleaned_job.png){width=70% fig-align='center'}\n\n**[UK Survey Employement Status Cleaned Data](https://github.com/anly501/dsan-5000-project-schinthak/blob/main/data/01-modified-data/long_covid_uk_clean.csv)**\n\n\n## Harvard University Survey\nSupervised by Harvard University, this survey data represents results from those with Long Covid regarding their demographic information as well as a plethora of symptoms they've experienced. The raw data is quite messy, with several collumns of duplicate data, some data indecipherable, and the several NA values. Thus, I made the following changes to clean the data. Please note that for NA values within symptom data, I chose to replace them with zeros since it's under assumption that if someone chose not to answer regarding a symptom, they did not experience that symptom. More information would be needed in future study for more accurate results. \n\n1. First, I selected columns that were to do with demographic statistics and all the symptoms recorded in the survey. To do this, I first subset a range of columns in the dataset and then hypertuned those columns by removing specific columns that were duplicated. \n\n2. Next, I filtered out the data where demographic information such as `sex`, `CovidPositive`, `BMI`, `Hospital_admission`, and `days_acuteCovid` was NA since those values could not be estimated. \n\n3. I then used the janitor package in R as well as the function rename_all() to make sure the column names were tidy. \n\n4. Lastly, I replaced all remaining NA values (found in the symptom column) with zeros since it's under assumption that if someone chose not to answer regarding a symptom, they did not experience that symptom. After that was complete I saved the cleaned data into a csv. \n\n\n```{r}\n#| code-fold: true\n#| code-summary: \"Harvard Survey Cleaning\"\n#| echo: true\n#| warning: false\n#| eval: false\n\nharvard_covid <- read_csv(\"../../data/00-raw-data/harvard_long_covid.csv\")\n\nharvard_covid <- harvard_covid %>%\n  select(status:Hospital_admission, age:Headache_covid) %>%\n  select(-country, -income, -ethnicity, -PE2, -BMICat, -Vaccination_status, \n         -No_Doses, -Type_vaccine, -agegroup, -agegroup2, -DVT3, -DVT2, \n         -Median_followupTime, -Median_followupTime2, -kidney3, -Heart_attack3) %>%\n  filter(!is.na(sex) & !is.na(CovidPositive) & !is.na(BMI) & \n           !is.na(Hospital_admission) & !is.na(days_acuteCovid)) %>%\n  clean_names() %>%\n  rename_all(~sub(\"2$\", \"\", .)) %>%\n  rename_all(~sub(\"3$\", \"\", .)) %>%\n  rename_all(~sub(\"_now$\", \"\", .)) %>%\n  rename_all(~sub(\"_pastweek$\", \"\", .)) %>%\n  replace(is.na(.), 0)\n\nwrite.csv(harvard_covid, \"../../data/01-modified-data/harvard_long_covid_clean.csv\")\n```\n\n![Harvard Survey Data - Cleaned](images/harvard_data_cleaned.png){width=70% fig-align='center'}\n\n**[Harvard Survey Cleaned Data](https://github.com/anly501/dsan-5000-project-schinthak/blob/main/data/01-modified-data/harvard_long_covid_clean.csv)**\n\n## Long Covid News\nAnother pillar of my analysis is to measure the media coverage on long covid and its sentiment. I used the NewsAPI to collect current news information surrounding long covid, as well as coverage on chickenpox and influenza. Since the data came from an API, there isn't too much cleaning needed to be done on the columns, however, the text needs to be cleaned. \n\nIn the code below, I created a clean text function that removes any non alphabetic-numeric charcaters, removed any leading or trailing white spaces, removed any singular letters, nonsensical words, and ellipses. After removed those characters, I merged all text in the dataframe into one string in order to visualize the cleaned text in the word cloud below. This word cloud contains media coverage for long covid, influeza, and chickenpox.  \n\n```{python}\n#| echo: false\n#| warning: false\n#| output: false\n\nimport pandas as pd \nimport numpy as np\nimport wordcloud \nimport string \nimport nltk\nimport re\n\nnltk.download('punkt')\nnltk.download('averaged_perceptron_tagger')\nnltk.download('wordnet')\nnltk.download('stopwords')\nstopwords = nltk.corpus.stopwords.words('english')\n```\n\n```{python}\n#| warning: false\n#| code-fold: true\n#| code-summary: \"News Cleaning\"\n\nnews = pd.read_csv('../../data/00-raw-data/news_raw.csv')\nnews = news[news['content'] != '[Removed]']\n\nnews['all_text'] = news['title'] + ' ' + news['description'] + ' ' + news['content']\n\ndef clean_text(text):\n  # Add your text cleaning logic here\n  cleaned_text = text.lower()  # Example: Convert to lowercase\n  cleaned_text = cleaned_text.strip()  # Remove leading and trailing spaces\n  cleaned_text = re.sub(r'\\[.*?\\]', '', cleaned_text) \n  cleaned_text = ' '.join(cleaned_text.split()[:-1])\n  cleaned_text = re.sub(r'[^a-zA-Z0-9 ]', '', cleaned_text)  # Remove special characters\n  cleaned_text = re.sub(r'\\.\\.\\.+', '', cleaned_text)\n  cleaned_text = cleaned_text.replace('...', '')  # Remove ellipses\n  cleaned_text = cleaned_text.replace('doziernurphotoshutterstock', '')  # Remove specifc word\n  cleaned_text = cleaned_text.replace('/', ' ')  # Remove '/'\n  cleaned_text = ' '.join([word for word in cleaned_text.split() if len(word) > 1 or word.lower() in {'i', 'a'}])\n\n  \n  return cleaned_text\n\nnews['all_text'] = news['all_text'].apply(clean_text)\n\nnews.to_csv('../../data/01-modified-data/news_clean.csv', index = False)\n\n\ntext = news['all_text'].tolist()\ntext = ' '.join([str(elem) for elem in text])\n\n# #FILTER OUT UNWANTED CHARACTERS\nnew_text=\"\"\nfor character in text:\n    if character in string.printable:\n        new_text+=character\ntext=new_text\n\n# #FILTER OUT UNWANTED WORDS\nnew_text=\"\"\nfor word in nltk.tokenize.word_tokenize(text):\n    if word not in nltk.corpus.stopwords.words('english'):\n        if word in [\".\",\",\",\"!\",\"?\",\":\",\";\"]:\n            #remove the last space\n            new_text=new_text[0:-1]+word+\" \"\n        else: #add a space\n            new_text+=word.lower()+\" \"\ntext=new_text\n\ndef generate_word_cloud(my_text):\n    from wordcloud import WordCloud, STOPWORDS\n    import matplotlib.pyplot as plt\n    # exit()\n    # Import package\n    # Define a function to plot word cloud\n    def plot_cloud(wordcloud):\n        # Set figure size\n        plt.figure(figsize=(40, 30))\n        # Display image\n        plt.imshow(wordcloud) \n        # No axis details\n        plt.axis(\"off\");\n\n    # Generate word cloud\n    wordcloud = WordCloud(\n        width = 3000,\n        height = 2000, \n        random_state=1, \n        background_color='salmon', \n        colormap='Pastel1', \n        collocations=False,\n        stopwords = STOPWORDS).generate(my_text)\n    plot_cloud(wordcloud)\n    plt.show()\n\ngenerate_word_cloud(text)\n``` \n\nIn this word cloud, we can see stand out topics like Long Covid, of course, as well as respiratory, China, virus, vaccine, and hospital. These words suggest that the media coverage on all three illnesses is medical in nature as well as explanatory of the origins of Covid. For further analysis, we'll look to the EDA section for sentiment analysis. \n\n**[News Cleaned Data](https://github.com/anly501/dsan-5000-project-schinthak/blob/main/data/01-modified-data/long_covid_news_clean.txt)**\n\n```{python}\n#| echo: false\n#| output: false\nwith open('../../data/01-modified-data/news_string_clean.txt', 'w') as file:\n    # Write the list as a string with elements separated by spaces and add a newline at the end\n    file.write(''.join(map(str, text)) + '\\n')\n```\n\n# Presidential Address\nThe raw data of the president's address in stored in a text file. Thus, we'll clean the text data and visualize frequencies of words. Later on, we will also conduct sentiment analysis on the data. \n\nIn order to clean this data such that it is prepared for sentiment analysis, we will first convert the string into a dataframe such that each row is a paragraph of text within the memorandum. Next came the cleaning of the text. Unlike the News API, which was scrapping articles from the internet, the Presidental Memorandum is written and publically published from the White House. Thus, we only need to clean the text such that non-alpha numerica characters are removed, headers such as \"Section 1\" or \"Subject:\" are removed, and leading and trailing white space is eliminated. Once that is done, the last step is to combine all the text within the dataframe into a single string once again, run through a cleaning process one time to eliminate punctuation, and visualize the cleaned data via the word cloud below. \n\n```{python}\n#| code-fold: true\n#| code-summary: \"White House Address Text Cleaning\"\n#| warning: false\n\nmy_file = open('../../data/00-raw-data/white_house_statement_raw.txt', \"r\") \n  \n# reading the file \ndata = my_file.read() \n  \nparagraphs = data.split('\\n\\n')\n\n# Iterate through paragraphs, identify and remove lines starting with numbers\ncleaned_paragraphs = [re.sub(r'^\\d+\\.\\s*', '', paragraph.strip()) for paragraph in paragraphs]\n\n# Create a DataFrame with cleaned text and numbered index starting at 1\ndf = pd.DataFrame({'Text': cleaned_paragraphs}, index=range(1, len(cleaned_paragraphs)+1))\n\ndef clean_text(text):\n    # Add your text cleaning logic here\n    cleaned_text = text.lower()  # Example: Convert to lowercase\n    cleaned_text = cleaned_text.strip()  # Remove leading and trailing spaces\n    cleaned_text = re.sub(r'\\(.*?\\)', '', cleaned_text) \n    cleaned_text = re.sub(r'[^a-zA-Z0-9 ]', '', cleaned_text)  # Remove special characters\n    cleaned_text = re.sub(r'\\.\\.\\.+', '', cleaned_text)\n    cleaned_text = cleaned_text.replace('subject:', '')  # Remove ellipses\n    cleaned_text = cleaned_text.replace('sec.', '')  # Remove specifc word\n    cleaned_text = cleaned_text.replace('/', ' ')  # Remove '/'\n    cleaned_text = ' '.join([word for word in cleaned_text.split() if len(word) > 1 or word.lower() in {'i', 'a'}])\n    cleaned_text = cleaned_text.strip() \n    \n    return cleaned_text\n\ndf['Text'] = df['Text'].apply(clean_text)\n\ndf.to_csv('../../data/01-modified-data/white_house_df_clean.csv', index = False)\n\ntext = df['Text'].tolist()\ntext = ' '.join([str(elem) for elem in text])\n\n\n# #FILTER OUT UNWANTED CHARACTERS\nnew_text=\"\"\nfor character in text:\n    if character in string.printable:\n        new_text+=character\ntext=new_text\n\n# #FILTER OUT UNWANTED WORDS\nnew_text=\"\"\nfor word in nltk.tokenize.word_tokenize(text):\n    if word not in nltk.corpus.stopwords.words('english'):\n        if word in [\".\",\",\",\"!\",\"?\",\":\",\";\"]:\n            #remove the last space\n            new_text=new_text[0:-1]+word+\" \"\n        else: #add a space\n            new_text+=word.lower()+\" \"\ntext=new_text\n\ndef generate_word_cloud(my_text):\n    from wordcloud import WordCloud, STOPWORDS\n    import matplotlib.pyplot as plt\n    # exit()\n    # Import package\n    # Define a function to plot word cloud\n    def plot_cloud(wordcloud):\n        # Set figure size\n        plt.figure(figsize=(40, 30))\n        # Display image\n        plt.imshow(wordcloud) \n        # No axis details\n        plt.axis(\"off\");\n\n    # Generate word cloud\n    wordcloud = WordCloud(\n        width = 3000,\n        height = 2000, \n        random_state=1, \n        background_color='black', \n        colormap='Pastel1', \n        collocations=False,\n        stopwords = STOPWORDS).generate(my_text)\n    plot_cloud(wordcloud)\n    plt.show()\n\ngenerate_word_cloud(text)\n```\n\nFrom the word cloud, we can see that the memorandum focused on Long Covid, while also discussing indviduals, longterm solutions, as well as disabilities. This means that we could potentially see a positive sentiment in the memorandum throughout the page, however, we will dicuss that moving forward in the EDA section. \n\n**[White House Statement Cleaned Data](https://github.com/anly501/dsan-5000-project-schinthak/blob/main/data/01-modified-data/white_house_statement_cleaned.txt)**\n\n\n```{python}\n#| echo: false\n#| output: false\nwith open('../../data/01-modified-data/white_house_statement_cleaned.txt', 'w') as file:\n    # Write the list as a string with elements separated by spaces and add a newline at the end\n    file.write(''.join(map(str, text)) + '\\n')\n```","srcMarkdownNoYaml":"\n\n```{css, echo=FALSE}\nimg{\n  border: 3px solid #78c2ae; /* Minty color, adjust as needed */\n  padding: 2px; /* Adjust padding as needed */\n}\n```\n\nPrior to analyzing our data, we first need to clean it. Data cleaning plays a pivotal role in the realm of data science as it serves as the foundation for robust and reliable analyses. Raw data is often messy, meaning that it contains errors, inconsistencies, and missing values that can impede accurate insights and decision-making. The process of data cleaning involves identifying and rectifying these anomalies, ensuring that the dataset is accurate, consistent, and complete. By  addressing issues such as outliers, duplicates, and inaccuracies, data scientists enhance the quality of their analyses and models. Ultimately, the success of any data science endeavor hinges on the data cleaning phase, as it lays the groundwork for informed, trustworthy, and impactful data-driven conclusions.\n\n## CDC Long Covid Survey\nAs we previously mentioned, this data originally comes from survey data sourced by the CDC. Initially, we can obtain the macros of the data as follows: \n\n---\n\n```{r}\n#| echo: false\n#| warning: false\nlibrary(tidyverse)\nlibrary(stringr)\nlibrary(reticulate)\nlibrary(tidyverse)\nlibrary(readxl)\nlibrary(janitor)\n\nuse_python(\"/usr/local/bin/python3\", require = T)\nknitr::knit_engines$set(python = reticulate::eng_python)\n```\n\n```{r, echo=FALSE, fig.cap=\"Output in a Box\"}\n\ncdc <- read.csv(\"../../data/00-raw-data/cdc_raw.csv\")\noutput_data <- glimpse(cdc)\n```\n\n---\n\nFrom this description of the data, we can see issues with NA values, data types and string data. In order to clean the data, I did the following. You can find the documented code for this cleaning process below. \n\n1. First, I dropped the columns related to quartiles (`quartile_range`, `quartile_number`, and `suppression_flag`) as they are irrelevant to our future analysis. \n\n2. Since the values in the column `indicator` are quite long, I decided to create a numerical key system where each number corresponds to a unique values of the `indicator`. This is helpful for future categorization techinques as well as with readability.  \n\n3. Next, I dropped interval columns (`time_period_label` and `confidence_interval`) since the time interval information is already represented in the columns `time_period_start_date` and `time_period_end_date` and the confidence interval is not needed for future analysis. \n\n4. In order to utilize time, I needed to convert the current start and end time columns into datatime data types. \n\n5. We can see that within the `group` column, serveral of the data points begin within the phrase \"By \". Thus, we will remove it from all values in that column. This will improve any efforts on clustering/decision trees as well as make the data more readable. \n\n6. Lastly, I decided to remove all rows where the value column was NA, thus eliminating all NA values in the dataset. 12.5% of the original dataset was filtered out. I made this decision since the column `value` is our main focus of analysis and replacing any NAs with zeros would be compromising the integrity of the data and the representation of certain demographics. \n\n```{r}\n#| code-fold: true\n#| code-summary: \"CDC Data Cleaning\"\n#| eval: false\n#Let's drop the last three columns related to quartiles since it is unnessesary. \ncdc <- cdc %>%\n  select(-quartile_range, -quartile_number, -suppression_flag)\n\n#Now, let's check the unique values of indicator to condense the values since they're a little too long\ncdc_keys <- cdc %>%\n  select(indicator) %>%\n  distinct()\n\ncdc_keys <- cdc_keys %>%\n  mutate(key = 1:nrow(cdc_keys))\n\n#Since there are 10 unique categories, we'll create a new column with a key, such that the number matches up with a value. \ncdc <- cdc %>%\n  right_join(cdc_keys, by = \"indicator\")\n\n#We can also eliminate time_period_label and confidence_interval as both values are repeated in other columns \ncdc <- cdc %>%\n  select(-time_period_label, -confidence_interval)\n\n#Now, let's make the time start and time end datetime variables\ncdc <- cdc %>%\n  mutate(time_period_start_date = as.Date(time_period_start_date)) %>%\n  mutate(time_period_end_date = as.Date(time_period_end_date))\n\n#Let's look at the unique values for the group column and adjust as needed:\n\ncdc <- cdc %>%\n  mutate(group = str_replace(group, \"^By\\\\s\", \"\"))\n\n#We also need to check for any na values \n\n#cdc %>% summarise_all(~ sum(is.na(.)))\n\n#From this we can say that the columns that have na's are all value and the corresponding lowci and highci. Thus, since the main variable we are tracking is value, we will go ahead and drop all rows where value = NA. Viewing the data, there also appears to be a connection between phace = -1 and the NA values. \n\ncdc <- cdc %>%\n  filter(!is.na(value))\n\n# cdc %>% summarise_all(~ sum(is.na(.)))\n#The data no longer has NA's! We can also see that this decision filtered out 12.5% of the original dataset. \n\n#Lastly, we'll get rid of the indicator column and show the cleaned data:\ncdc <- cdc %>%\n  select(-indicator)\n\nwrite.csv(cdc, \"../../data/01-modified-data/cdc_clean.csv\")\n```\n\nAs described in step two, I have created a key for the descriptive categories within the dataset. The chart below shows the keys and their respective description. \n\n![CDC Keys](images/cdc_keys_clean.png){width=70% fig-align='center'}\n\n**[CDC Cleaned Data](https://github.com/anly501/dsan-5000-project-schinthak/blob/main/data/01-modified-data/cdc_clean.csv)**\n\n\n## UK Symptom Survey\nAmongst the data obtained through the UK survey, I will be focusing on survey data regarding symptoms related to prior health, ethnicity, age and sex,  as well as employement status. The raw data would be classified as very messy, with most of the column names unreadable and data types unclear. Thus, I did the following for all four datasets in order to clean the data. \n\n1. Since the formatting of the excel sheet is not in a traditional record format, we'll need to remove some empty columns. Thus, I removed the first four rows, since they were empty. \n\n2. Next, we'll remove the top row of the dataframe and make those values the column names. \n\n3. Using the janitor package in R, we'll also make the column names \"tidy\". This means the names will be lower case without any spaces. \n\n4. The columns `estimate`, `lower_confidence_bound`, and `upper_confidence_bound` need to be datatype double, so we will type cast those columns. \n\n5. Next, we will check for NA values. If there are NA values in the estimate column, this means that that group's data was not collected in the survey. Thus, we'll drop those rows and report the loss of data (please see commented code for the exact percentage of data lost on each dataframe). \n\n6. Thus, we'll save the cleaned datasets into csv files. \n\n7. I repeated steps 1-6 for all four sheets of the data since they were all formatted in the same manner. \n\n8. Lastly, since all four datasets have the same columns, I'll bind all four dataframes into one large dataset to represent the long covid survey statistics from CRIS in the United Kingdom. \n\n```{r}\n#| code-fold: true\n#| code-summary: \"UK Survey Data Cleaning\"\n#| output: false\n#| eval: false\n\nlong_covid_uk_age_sex <- read_excel(\"../../data/00-raw-data/longcovid_uk.xlsx\", sheet = 'Table 1')\nlong_covid_uk_ethnic <- read_excel(\"../../data/00-raw-data/longcovid_uk.xlsx\", sheet = 'Table 2')\nlong_covid_uk_health <- read_excel(\"../../data/00-raw-data/longcovid_uk.xlsx\", sheet = 'Table 3')\nlong_covid_uk_job <- read_excel(\"../../data/00-raw-data/longcovid_uk.xlsx\", sheet = 'Table 4')\n\n#For Long Covid with regards to Health \n\n#First, we'll remove the first three rows since they're all empty. \nlong_covid_uk_health <- long_covid_uk_health %>%\n  filter(!row_number() %in% c(1, 2, 3, 4))\n\n#Next, we'll make top row the column names:\nlong_covid_uk_health <- long_covid_uk_health %>%\n  purrr::set_names(as.character(slice(., 1))) %>%\n  slice(-1)\n\n#Now, we need to name the column names tidy:\nlong_covid_uk_health <- long_covid_uk_health %>%\n  clean_names()\n\n#Next, we'll need to change the datatypes of certain columns. \nlong_covid_uk_health <- long_covid_uk_health %>%\n  mutate(estimate = as.double(estimate)) %>%\n  mutate(lower_95_percent_confidence_limit = as.double(lower_95_percent_confidence_limit)) %>%\n  mutate(upper_95_percent_confidence_limit = as.double(upper_95_percent_confidence_limit))\n\n#Checking for NA values:\nlong_covid_uk_health %>%\n  summarise_all(~ sum(is.na(.)))\n#No NA values! \n\n#Let's see the cleaned data: \nhead(long_covid_uk_health)\nwrite.csv(long_covid_uk_health, \"../../data/01-modified-data/long_covid_uk_health_clean.csv\")\n\n#For Long Covid with regards to Employement Status:\n\n#Now, we'll do the same cleaning for employement status data since it's the same format:\nlong_covid_uk_job <- long_covid_uk_job %>%\n  filter(!row_number() %in% c(1, 2, 3, 4))\n\n#Next, we'll make top row the column names:\nlong_covid_uk_job <- long_covid_uk_job %>%\n  purrr::set_names(as.character(slice(., 1))) %>%\n  slice(-1)\n\n#Now, we need to name the column names tidy:\nlong_covid_uk_job <- long_covid_uk_job %>%\n  clean_names()\n\n#Next, we'll need to change the datatypes of certain columns. \nlong_covid_uk_job <- long_covid_uk_job %>%\n  mutate(estimate = as.double(estimate)) %>%\n  mutate(lower_95_percent_confidence_limit = as.double(lower_95_percent_confidence_limit)) %>%\n  mutate(upper_95_percent_confidence_limit = as.double(upper_95_percent_confidence_limit))\n\n#Checking for NA values:\nlong_covid_uk_job %>%\n  summarise_all(~ sum(is.na(.)))\n#There are a significant number of NA values for estimate and the confidence intervals. \n#Since these are for specific groups, the NA's mean that data was not collected for these groups. \n#Since we can't use \"other\" groups to estimate this data, we will drop these rows. \n#This results is a loss of 13% of the original dataset. \nlong_covid_uk_job <- long_covid_uk_job %>%\n  filter(!is.na(estimate))\n\nhead(long_covid_uk_job)\nwrite.csv(long_covid_uk_job, \"../../data/01-modified-data/long_covid_uk_job_clean.csv\")\n\n#Now, we'll do the same cleaning for employement status data since it's the same format:\nlong_covid_uk_age_sex <- long_covid_uk_age_sex %>%\n  filter(!row_number() %in% c(1, 2, 3, 4))\n\n#Next, we'll make top row the column names:\nlong_covid_uk_age_sex <- long_covid_uk_age_sex %>%\n  purrr::set_names(as.character(slice(., 1))) %>%\n  slice(-1)\n\n#Now, we need to name the column names tidy:\nlong_covid_uk_age_sex <- long_covid_uk_age_sex %>%\n  clean_names()\n\n#Next, we'll need to change the datatypes of certain columns. \nlong_covid_uk_age_sex <- long_covid_uk_age_sex %>%\n  mutate(estimate = as.double(estimate)) %>%\n  mutate(lower_95_percent_confidence_limit = as.double(lower_95_percent_confidence_limit)) %>%\n  mutate(upper_95_percent_confidence_limit = as.double(upper_95_percent_confidence_limit))\n\n#Checking for NA values:\nlong_covid_uk_age_sex %>%\n  summarise_all(~ sum(is.na(.)))\n\n#There are a significant number of NA values for estimate and the confidence intervals. \n#Since these are for specific groups, the NA's mean that data was not collected for these groups. \n#Since we can't use \"other\" groups to estimate this data, we will drop these rows. \n#This results is a loss of 16.9% of the original dataset. \nlong_covid_uk_age_sex <- long_covid_uk_age_sex %>%\n  filter(!is.na(estimate))\n\nhead(long_covid_uk_age_sex)\nwrite.csv(long_covid_uk_age_sex, \"../../data/01-modified-data/long_covid_uk_age_sex_clean.csv\")\n\n#Now, we'll do the same cleaning for employement status data since it's the same format:\nlong_covid_uk_ethnic <- long_covid_uk_ethnic %>%\n  filter(!row_number() %in% c(1, 2, 3, 4))\n\n#Next, we'll make top row the column names:\nlong_covid_uk_ethnic <- long_covid_uk_ethnic %>%\n  purrr::set_names(as.character(slice(., 1))) %>%\n  slice(-1)\n\n#Now, we need to name the column names tidy:\nlong_covid_uk_ethnic <- long_covid_uk_ethnic %>%\n  clean_names()\n\n#Next, we'll need to change the datatypes of certain columns. \nlong_covid_uk_ethnic <- long_covid_uk_ethnic %>%\n  mutate(estimate = as.double(estimate)) %>%\n  mutate(lower_95_percent_confidence_limit = as.double(lower_95_percent_confidence_limit)) %>%\n  mutate(upper_95_percent_confidence_limit = as.double(upper_95_percent_confidence_limit))\n\n#Checking for NA values:\nlong_covid_uk_ethnic %>%\n  summarise_all(~ sum(is.na(.)))\n#There are a significant number of NA values for estimate and the confidence intervals. \n#Since these are for specific groups, the NA's mean that data was not collected for these groups. \n#Since we can't use \"other\" groups to estimate this data, we will drop these rows. \n#This results is a loss of 1.8% of the original dataset. \nlong_covid_uk_ethnic <- long_covid_uk_ethnic %>%\n  filter(!is.na(estimate))\n\nhead(long_covid_uk_ethnic)\nwrite.csv(long_covid_uk_ethnic, \"../../data/01-modified-data/long_covid_uk_ethnic_clean.csv\")\n\n#Merging the uk data together:\nlong_covid_uk <- bind_rows(long_covid_uk_age_sex, long_covid_uk_ethnic, \n                           long_covid_uk_health, long_covid_uk_job)\nwrite.csv(long_covid_uk, \"../../data/01-modified-data/long_covid_uk_clean.csv\")\n```\n\n---\n\n![Long Covid UK Survey Data - Cleaned](images/symptom_cleaned_job.png){width=70% fig-align='center'}\n\n**[UK Survey Employement Status Cleaned Data](https://github.com/anly501/dsan-5000-project-schinthak/blob/main/data/01-modified-data/long_covid_uk_clean.csv)**\n\n\n## Harvard University Survey\nSupervised by Harvard University, this survey data represents results from those with Long Covid regarding their demographic information as well as a plethora of symptoms they've experienced. The raw data is quite messy, with several collumns of duplicate data, some data indecipherable, and the several NA values. Thus, I made the following changes to clean the data. Please note that for NA values within symptom data, I chose to replace them with zeros since it's under assumption that if someone chose not to answer regarding a symptom, they did not experience that symptom. More information would be needed in future study for more accurate results. \n\n1. First, I selected columns that were to do with demographic statistics and all the symptoms recorded in the survey. To do this, I first subset a range of columns in the dataset and then hypertuned those columns by removing specific columns that were duplicated. \n\n2. Next, I filtered out the data where demographic information such as `sex`, `CovidPositive`, `BMI`, `Hospital_admission`, and `days_acuteCovid` was NA since those values could not be estimated. \n\n3. I then used the janitor package in R as well as the function rename_all() to make sure the column names were tidy. \n\n4. Lastly, I replaced all remaining NA values (found in the symptom column) with zeros since it's under assumption that if someone chose not to answer regarding a symptom, they did not experience that symptom. After that was complete I saved the cleaned data into a csv. \n\n\n```{r}\n#| code-fold: true\n#| code-summary: \"Harvard Survey Cleaning\"\n#| echo: true\n#| warning: false\n#| eval: false\n\nharvard_covid <- read_csv(\"../../data/00-raw-data/harvard_long_covid.csv\")\n\nharvard_covid <- harvard_covid %>%\n  select(status:Hospital_admission, age:Headache_covid) %>%\n  select(-country, -income, -ethnicity, -PE2, -BMICat, -Vaccination_status, \n         -No_Doses, -Type_vaccine, -agegroup, -agegroup2, -DVT3, -DVT2, \n         -Median_followupTime, -Median_followupTime2, -kidney3, -Heart_attack3) %>%\n  filter(!is.na(sex) & !is.na(CovidPositive) & !is.na(BMI) & \n           !is.na(Hospital_admission) & !is.na(days_acuteCovid)) %>%\n  clean_names() %>%\n  rename_all(~sub(\"2$\", \"\", .)) %>%\n  rename_all(~sub(\"3$\", \"\", .)) %>%\n  rename_all(~sub(\"_now$\", \"\", .)) %>%\n  rename_all(~sub(\"_pastweek$\", \"\", .)) %>%\n  replace(is.na(.), 0)\n\nwrite.csv(harvard_covid, \"../../data/01-modified-data/harvard_long_covid_clean.csv\")\n```\n\n![Harvard Survey Data - Cleaned](images/harvard_data_cleaned.png){width=70% fig-align='center'}\n\n**[Harvard Survey Cleaned Data](https://github.com/anly501/dsan-5000-project-schinthak/blob/main/data/01-modified-data/harvard_long_covid_clean.csv)**\n\n## Long Covid News\nAnother pillar of my analysis is to measure the media coverage on long covid and its sentiment. I used the NewsAPI to collect current news information surrounding long covid, as well as coverage on chickenpox and influenza. Since the data came from an API, there isn't too much cleaning needed to be done on the columns, however, the text needs to be cleaned. \n\nIn the code below, I created a clean text function that removes any non alphabetic-numeric charcaters, removed any leading or trailing white spaces, removed any singular letters, nonsensical words, and ellipses. After removed those characters, I merged all text in the dataframe into one string in order to visualize the cleaned text in the word cloud below. This word cloud contains media coverage for long covid, influeza, and chickenpox.  \n\n```{python}\n#| echo: false\n#| warning: false\n#| output: false\n\nimport pandas as pd \nimport numpy as np\nimport wordcloud \nimport string \nimport nltk\nimport re\n\nnltk.download('punkt')\nnltk.download('averaged_perceptron_tagger')\nnltk.download('wordnet')\nnltk.download('stopwords')\nstopwords = nltk.corpus.stopwords.words('english')\n```\n\n```{python}\n#| warning: false\n#| code-fold: true\n#| code-summary: \"News Cleaning\"\n\nnews = pd.read_csv('../../data/00-raw-data/news_raw.csv')\nnews = news[news['content'] != '[Removed]']\n\nnews['all_text'] = news['title'] + ' ' + news['description'] + ' ' + news['content']\n\ndef clean_text(text):\n  # Add your text cleaning logic here\n  cleaned_text = text.lower()  # Example: Convert to lowercase\n  cleaned_text = cleaned_text.strip()  # Remove leading and trailing spaces\n  cleaned_text = re.sub(r'\\[.*?\\]', '', cleaned_text) \n  cleaned_text = ' '.join(cleaned_text.split()[:-1])\n  cleaned_text = re.sub(r'[^a-zA-Z0-9 ]', '', cleaned_text)  # Remove special characters\n  cleaned_text = re.sub(r'\\.\\.\\.+', '', cleaned_text)\n  cleaned_text = cleaned_text.replace('...', '')  # Remove ellipses\n  cleaned_text = cleaned_text.replace('doziernurphotoshutterstock', '')  # Remove specifc word\n  cleaned_text = cleaned_text.replace('/', ' ')  # Remove '/'\n  cleaned_text = ' '.join([word for word in cleaned_text.split() if len(word) > 1 or word.lower() in {'i', 'a'}])\n\n  \n  return cleaned_text\n\nnews['all_text'] = news['all_text'].apply(clean_text)\n\nnews.to_csv('../../data/01-modified-data/news_clean.csv', index = False)\n\n\ntext = news['all_text'].tolist()\ntext = ' '.join([str(elem) for elem in text])\n\n# #FILTER OUT UNWANTED CHARACTERS\nnew_text=\"\"\nfor character in text:\n    if character in string.printable:\n        new_text+=character\ntext=new_text\n\n# #FILTER OUT UNWANTED WORDS\nnew_text=\"\"\nfor word in nltk.tokenize.word_tokenize(text):\n    if word not in nltk.corpus.stopwords.words('english'):\n        if word in [\".\",\",\",\"!\",\"?\",\":\",\";\"]:\n            #remove the last space\n            new_text=new_text[0:-1]+word+\" \"\n        else: #add a space\n            new_text+=word.lower()+\" \"\ntext=new_text\n\ndef generate_word_cloud(my_text):\n    from wordcloud import WordCloud, STOPWORDS\n    import matplotlib.pyplot as plt\n    # exit()\n    # Import package\n    # Define a function to plot word cloud\n    def plot_cloud(wordcloud):\n        # Set figure size\n        plt.figure(figsize=(40, 30))\n        # Display image\n        plt.imshow(wordcloud) \n        # No axis details\n        plt.axis(\"off\");\n\n    # Generate word cloud\n    wordcloud = WordCloud(\n        width = 3000,\n        height = 2000, \n        random_state=1, \n        background_color='salmon', \n        colormap='Pastel1', \n        collocations=False,\n        stopwords = STOPWORDS).generate(my_text)\n    plot_cloud(wordcloud)\n    plt.show()\n\ngenerate_word_cloud(text)\n``` \n\nIn this word cloud, we can see stand out topics like Long Covid, of course, as well as respiratory, China, virus, vaccine, and hospital. These words suggest that the media coverage on all three illnesses is medical in nature as well as explanatory of the origins of Covid. For further analysis, we'll look to the EDA section for sentiment analysis. \n\n**[News Cleaned Data](https://github.com/anly501/dsan-5000-project-schinthak/blob/main/data/01-modified-data/long_covid_news_clean.txt)**\n\n```{python}\n#| echo: false\n#| output: false\nwith open('../../data/01-modified-data/news_string_clean.txt', 'w') as file:\n    # Write the list as a string with elements separated by spaces and add a newline at the end\n    file.write(''.join(map(str, text)) + '\\n')\n```\n\n# Presidential Address\nThe raw data of the president's address in stored in a text file. Thus, we'll clean the text data and visualize frequencies of words. Later on, we will also conduct sentiment analysis on the data. \n\nIn order to clean this data such that it is prepared for sentiment analysis, we will first convert the string into a dataframe such that each row is a paragraph of text within the memorandum. Next came the cleaning of the text. Unlike the News API, which was scrapping articles from the internet, the Presidental Memorandum is written and publically published from the White House. Thus, we only need to clean the text such that non-alpha numerica characters are removed, headers such as \"Section 1\" or \"Subject:\" are removed, and leading and trailing white space is eliminated. Once that is done, the last step is to combine all the text within the dataframe into a single string once again, run through a cleaning process one time to eliminate punctuation, and visualize the cleaned data via the word cloud below. \n\n```{python}\n#| code-fold: true\n#| code-summary: \"White House Address Text Cleaning\"\n#| warning: false\n\nmy_file = open('../../data/00-raw-data/white_house_statement_raw.txt', \"r\") \n  \n# reading the file \ndata = my_file.read() \n  \nparagraphs = data.split('\\n\\n')\n\n# Iterate through paragraphs, identify and remove lines starting with numbers\ncleaned_paragraphs = [re.sub(r'^\\d+\\.\\s*', '', paragraph.strip()) for paragraph in paragraphs]\n\n# Create a DataFrame with cleaned text and numbered index starting at 1\ndf = pd.DataFrame({'Text': cleaned_paragraphs}, index=range(1, len(cleaned_paragraphs)+1))\n\ndef clean_text(text):\n    # Add your text cleaning logic here\n    cleaned_text = text.lower()  # Example: Convert to lowercase\n    cleaned_text = cleaned_text.strip()  # Remove leading and trailing spaces\n    cleaned_text = re.sub(r'\\(.*?\\)', '', cleaned_text) \n    cleaned_text = re.sub(r'[^a-zA-Z0-9 ]', '', cleaned_text)  # Remove special characters\n    cleaned_text = re.sub(r'\\.\\.\\.+', '', cleaned_text)\n    cleaned_text = cleaned_text.replace('subject:', '')  # Remove ellipses\n    cleaned_text = cleaned_text.replace('sec.', '')  # Remove specifc word\n    cleaned_text = cleaned_text.replace('/', ' ')  # Remove '/'\n    cleaned_text = ' '.join([word for word in cleaned_text.split() if len(word) > 1 or word.lower() in {'i', 'a'}])\n    cleaned_text = cleaned_text.strip() \n    \n    return cleaned_text\n\ndf['Text'] = df['Text'].apply(clean_text)\n\ndf.to_csv('../../data/01-modified-data/white_house_df_clean.csv', index = False)\n\ntext = df['Text'].tolist()\ntext = ' '.join([str(elem) for elem in text])\n\n\n# #FILTER OUT UNWANTED CHARACTERS\nnew_text=\"\"\nfor character in text:\n    if character in string.printable:\n        new_text+=character\ntext=new_text\n\n# #FILTER OUT UNWANTED WORDS\nnew_text=\"\"\nfor word in nltk.tokenize.word_tokenize(text):\n    if word not in nltk.corpus.stopwords.words('english'):\n        if word in [\".\",\",\",\"!\",\"?\",\":\",\";\"]:\n            #remove the last space\n            new_text=new_text[0:-1]+word+\" \"\n        else: #add a space\n            new_text+=word.lower()+\" \"\ntext=new_text\n\ndef generate_word_cloud(my_text):\n    from wordcloud import WordCloud, STOPWORDS\n    import matplotlib.pyplot as plt\n    # exit()\n    # Import package\n    # Define a function to plot word cloud\n    def plot_cloud(wordcloud):\n        # Set figure size\n        plt.figure(figsize=(40, 30))\n        # Display image\n        plt.imshow(wordcloud) \n        # No axis details\n        plt.axis(\"off\");\n\n    # Generate word cloud\n    wordcloud = WordCloud(\n        width = 3000,\n        height = 2000, \n        random_state=1, \n        background_color='black', \n        colormap='Pastel1', \n        collocations=False,\n        stopwords = STOPWORDS).generate(my_text)\n    plot_cloud(wordcloud)\n    plt.show()\n\ngenerate_word_cloud(text)\n```\n\nFrom the word cloud, we can see that the memorandum focused on Long Covid, while also discussing indviduals, longterm solutions, as well as disabilities. This means that we could potentially see a positive sentiment in the memorandum throughout the page, however, we will dicuss that moving forward in the EDA section. \n\n**[White House Statement Cleaned Data](https://github.com/anly501/dsan-5000-project-schinthak/blob/main/data/01-modified-data/white_house_statement_cleaned.txt)**\n\n\n```{python}\n#| echo: false\n#| output: false\nwith open('../../data/01-modified-data/white_house_statement_cleaned.txt', 'w') as file:\n    # Write the list as a string with elements separated by spaces and add a newline at the end\n    file.write(''.join(map(str, text)) + '\\n')\n```"},"formats":{"html":{"identifier":{"display-name":"HTML","target-format":"html","base-format":"html"},"execute":{"fig-width":7,"fig-height":5,"fig-format":"retina","fig-dpi":96,"df-print":"default","error":false,"eval":true,"cache":null,"freeze":false,"echo":true,"output":true,"warning":true,"include":true,"keep-md":false,"keep-ipynb":false,"ipynb":null,"enabled":null,"daemon":null,"daemon-restart":false,"debug":false,"ipynb-filters":[],"engine":"knitr"},"render":{"keep-tex":false,"keep-source":false,"keep-hidden":false,"prefer-html":false,"output-divs":true,"output-ext":"html","fig-align":"default","fig-pos":null,"fig-env":null,"code-fold":"none","code-overflow":"scroll","code-link":false,"code-line-numbers":false,"code-tools":false,"tbl-colwidths":"auto","merge-includes":true,"inline-includes":false,"preserve-yaml":false,"latex-auto-mk":true,"latex-auto-install":true,"latex-clean":true,"latex-max-runs":10,"latex-makeindex":"makeindex","latex-makeindex-opts":[],"latex-tlmgr-opts":[],"latex-input-paths":[],"latex-output-dir":null,"link-external-icon":false,"link-external-newwindow":false,"self-contained-math":false,"format-resources":[],"notebook-links":true,"format-links":true},"pandoc":{"standalone":true,"wrap":"none","default-image-extension":"png","to":"html","css":["styles.css"],"toc":true,"output-file":"data-cleaning.html"},"language":{"toc-title-document":"Table of contents","toc-title-website":"On this page","related-formats-title":"Other Formats","related-notebooks-title":"Notebooks","source-notebooks-prefix":"Source","section-title-abstract":"Abstract","section-title-appendices":"Appendices","section-title-footnotes":"Footnotes","section-title-references":"References","section-title-reuse":"Reuse","section-title-copyright":"Copyright","section-title-citation":"Citation","appendix-attribution-cite-as":"For attribution, please cite this work as:","appendix-attribution-bibtex":"BibTeX citation:","title-block-author-single":"Author","title-block-author-plural":"Authors","title-block-affiliation-single":"Affiliation","title-block-affiliation-plural":"Affiliations","title-block-published":"Published","title-block-modified":"Modified","callout-tip-title":"Tip","callout-note-title":"Note","callout-warning-title":"Warning","callout-important-title":"Important","callout-caution-title":"Caution","code-summary":"Code","code-tools-menu-caption":"Code","code-tools-show-all-code":"Show All Code","code-tools-hide-all-code":"Hide All Code","code-tools-view-source":"View Source","code-tools-source-code":"Source Code","code-line":"Line","code-lines":"Lines","copy-button-tooltip":"Copy to Clipboard","copy-button-tooltip-success":"Copied!","repo-action-links-edit":"Edit this page","repo-action-links-source":"View source","repo-action-links-issue":"Report an issue","back-to-top":"Back to top","search-no-results-text":"No results","search-matching-documents-text":"matching documents","search-copy-link-title":"Copy link to search","search-hide-matches-text":"Hide additional matches","search-more-match-text":"more match in this document","search-more-matches-text":"more matches in this document","search-clear-button-title":"Clear","search-detached-cancel-button-title":"Cancel","search-submit-button-title":"Submit","search-label":"Search","toggle-section":"Toggle section","toggle-sidebar":"Toggle sidebar navigation","toggle-dark-mode":"Toggle dark mode","toggle-reader-mode":"Toggle reader mode","toggle-navigation":"Toggle navigation","crossref-fig-title":"Figure","crossref-tbl-title":"Table","crossref-lst-title":"Listing","crossref-thm-title":"Theorem","crossref-lem-title":"Lemma","crossref-cor-title":"Corollary","crossref-prp-title":"Proposition","crossref-cnj-title":"Conjecture","crossref-def-title":"Definition","crossref-exm-title":"Example","crossref-exr-title":"Exercise","crossref-ch-prefix":"Chapter","crossref-apx-prefix":"Appendix","crossref-sec-prefix":"Section","crossref-eq-prefix":"Equation","crossref-lof-title":"List of Figures","crossref-lot-title":"List of Tables","crossref-lol-title":"List of Listings","environment-proof-title":"Proof","environment-remark-title":"Remark","environment-solution-title":"Solution","listing-page-order-by":"Order By","listing-page-order-by-default":"Default","listing-page-order-by-date-asc":"Oldest","listing-page-order-by-date-desc":"Newest","listing-page-order-by-number-desc":"High to Low","listing-page-order-by-number-asc":"Low to High","listing-page-field-date":"Date","listing-page-field-title":"Title","listing-page-field-description":"Description","listing-page-field-author":"Author","listing-page-field-filename":"File Name","listing-page-field-filemodified":"Modified","listing-page-field-subtitle":"Subtitle","listing-page-field-readingtime":"Reading Time","listing-page-field-categories":"Categories","listing-page-minutes-compact":"{0} min","listing-page-category-all":"All","listing-page-no-matches":"No matching items"},"metadata":{"lang":"en","fig-responsive":true,"quarto-version":"1.3.450","theme":"minty","title":"Data Cleaning"},"extensions":{"book":{"multiFile":true}}}},"projectFormats":["html"]}