{"title":"Data Exploration","markdown":{"yaml":{"title":"Data Exploration"},"headingText":"CDC - Long Covid","containsRefs":false,"markdown":"\n\n```{r}\n#| echo: false\n#| warning: false\nlibrary(tidyverse)\nlibrary(stringr)\nlibrary(reticulate)\nlibrary(tidyverse)\nlibrary(readxl)\nlibrary(janitor)\n\nuse_python(\"/usr/local/bin/python3\", require = T)\nknitr::knit_engines$set(python = reticulate::eng_python)\n```\n\nExploratory Data Analysis (EDA), also called Data Exploration, stands as a pivotal cornerstone of data science, serving as a compass that guides analysts through the cleaned data. At its essence, EDA is a process that unveils the inherent patterns, outliers, and hidden insights within a dataset. By employing statistical and visual techniques, we will foster an intimate understanding of the underlying structure and nuances of the data. EDA empowers decision-makers with the ability to formulate informed hypotheses, identify potential pitfalls, and refine the scope of subsequent analyses. In the analysis of Long Covid, we will visualize symptom data from a meriad of sources in order to identify which symptoms are the most prevelant, what demographics are experiencing these symptoms, and relationships between demographics and symptoms. Additionally, EDA will help us to gain an understanding of the sentiment in media coverage as well as the sentiment of the President's memoradum on Long Covid. \n\n```{python}\n#| echo: false\n#| warning: false\nimport pandas as pd\nimport seaborn as sns \nimport numpy as np\nimport matplotlib.pyplot as plt\n```\n\n\nOur Long Covid dataset consists of survey statistics from a long covid survey conducted by the CDC. In this survery, we can see that users were asked to fill out a mutliple of demographic questions and then choose which long covid experience best decribing them. Let's take a look at the cleaned data. \n\n::: {.panel-tabset}\n\n## Data Types\n\n```{python}\n#| code-fold: true\ncdc = pd.read_csv(\"../../data/01-modified-data/cdc_clean.csv\")\ncdc.drop('Unnamed: 0', axis = 1, inplace= True)\ncdc.info()\n```\n\n## Glimpse\n```{python}\n#| echo: false\ncdc.head()\n```\n\n## Boxplot\nThus far, we can see some of the important columns to take a further look at are `group`, `subgroup`, `value`, and `key`. Firstly, let's look at the distribution of the value (percent having Long Covid based on the key's defintion) grouped by each key. \n\n```{python}\n#| code-fold: true\nfig, ax = plt.subplots(figsize=(8, 6))\nsns.boxplot(x=\"key\", y=\"value\",\n            hue=\"key\", palette=\"Set2\",\n            data=cdc)\nplt.show()\n```\n\n## Barplots \n\n```{python}\n#| code-fold: true\nfig, axs = plt.subplots(4, 2, figsize=(10, 25))\n\ngroups = cdc['group'].unique()\nfor i, ax in zip(range(1,9), axs.ravel()):\n    if i == 8:\n        analysis = cdc[cdc[\"group\"] == groups[i]]\n        sns.barplot(analysis, x=\"subgroup\", y=\"value\", hue = \"subgroup\", ax = ax, errorbar=None)\n\n        # chart formatting\n        ax.set_title(groups[i])\n        ax.set_xlabel(\"\")\n        ax.tick_params(axis='x', rotation=90)\n    else:\n        analysis = cdc[cdc[\"group\"] == groups[i]]\n        sns.barplot(analysis, x=\"subgroup\", y=\"value\", hue = \"subgroup\", estimator = \"mean\", ax = ax, errorbar=None)\n        for j in ax.containers:\n            ax.bar_label(j,)\n\n        # chart formatting\n        ax.set_title(groups[i])\n        ax.set_xlabel(\"\")\n        ax.tick_params(axis='x', rotation=45)\n\nplt.tight_layout()\n\nplt.show()\n```\n\n## Distributions\n\n```{python}\n#| code-fold: true\nfig, axs = plt.subplots(5, 2, figsize=(10, 25))\n\ngroups = cdc['group'].unique()\nfor i, ax in zip(range(10), axs.ravel()):\n    if i == 9:\n        sns.histplot(cdc, x=\"value\", ax = ax, kde = True)\n        # chart formatting\n        ax.set_title('All')\n        ax.set_xlabel(\"\")\n    else:\n        analysis = cdc[cdc[\"group\"] == groups[i]]\n        sns.histplot(analysis, x=\"value\", ax = ax, kde = True)\n\n        # chart formatting\n        ax.set_title(groups[i])\n\nplt.tight_layout()\n\nplt.show()\n```\n\n:::\n\n\nFrom the boxplots, we can see that the distribution across keys is varying, with the highest percentage going to key 6, representing the percentage of adults with any activity limitations from long Covid who also currently have long Covid. The lowest range of values goes to key 9, which represents the percentage of adults of significant activity limitations. \n\nThus, to understand this data further, we'll take a look at the additional groups affected by Long Covid in a number of ways. \n\nLet's take a look at the data through each group and it's given subgroups. Primarily, amongst all Long Covid patients surveyed through the CDC, we can see that the largest age group surveyed was those age 40-49. Additionally, more females responded to the survey than males. In terms of gender and sexuality, cis-gender females and transgender people had a higher experience with long Covid than cis-gender males and bisexual individuals had a greater percentage of long covid experiences. A few other things to note, those in the category \"non-Hispanic, other races and multiple races\" were highest amongst the ethnicity demographics and not surprisingly, the highest disparity amongst the subcategories was between those who were disabled verses not disabled. Those with a disability had a 12.2% increase in long covid experiences than those who do not have a disability. The is very important to understanding Long Covid, as it has been known to effect those with disabilities more than it say with non-immunocompromised people. \n\nLastly, we'll take a look at the overall distributions for each key value in order to understand the survey in greater detail. \n\nFor all subgroups and the dataset as a whole, we can see that the distributions are all rightly skewed. This indicates that most of the percentages collected all fell closer to zero. Since this dataset is heavily filled with categorical data, we will try to develop a way to pare down the features through naive bayes analysis and feature selection within the next section. \n\n\n## UK Symptoms Survey\n\nThe following dataset was measured to UK survey and app data regarding symptoms tracked for patients with Long Covid. In order to understand the distribution of the data and track the symptoms over time, we can take a look at the following. \n\n::: {.panel-tabset}\n\n## Data Types \n```{python}\n#| code-fold: true\nuk_health = pd.read_csv(\"../../data/01-modified-data/long_covid_uk_clean.csv\")\nuk_health.drop('Unnamed: 0', axis = 1, inplace= True)\nuk_health.info()\n```\n\n## Glimpse\n```{python}\n#| code-fold: true\nuk_health.head()\n```\n\n:::\n\nSome important features to look at in the data set are symptom, which are the symptoms people tracked in the survey, domain and group, which act similarly to the group and subgroup from the CDC data, and estimate, which is the corresponding percentage of the those who filled out the survey. If we to extrapolate from the survey data, we could also use the lower and upper confidence boundaries. \n\n\n<div class='tableauPlaceholder' id='viz1701826396502' style='position: relative'><noscript><a href='#'><img alt='Sheet 1 - Ethnic group, Non-white ' src='https:&#47;&#47;public.tableau.com&#47;static&#47;images&#47;FS&#47;FSFYGWRPF&#47;1_rss.png' style='border: none' /></a></noscript><object class='tableauViz'  style='display:none;'><param name='host_url' value='https%3A%2F%2Fpublic.tableau.com%2F' /> <param name='embed_code_version' value='3' /> <param name='path' value='shared&#47;FSFYGWRPF' /> <param name='toolbar' value='yes' /><param name='static_image' value='https:&#47;&#47;public.tableau.com&#47;static&#47;images&#47;FS&#47;FSFYGWRPF&#47;1.png' /> <param name='animate_transition' value='yes' /><param name='display_static_image' value='yes' /><param name='display_spinner' value='yes' /><param name='display_overlay' value='yes' /><param name='display_count' value='yes' /><param name='language' value='en-US' /><param name='filter' value='publish=yes' /></object></div>\n<script type='text/javascript'>\nvar divElement = document.getElementById('viz1701826396502');\nvar vizElement = divElement.getElementsByTagName('object')[0];\nvizElement.style.width='100%';vizElement.style.height=(divElement.offsetWidth*0.75)+'px';\nvar scriptElement = document.createElement('script');\nscriptElement.src = 'https://public.tableau.com/javascripts/api/viz_v1.js';\nvizElement.parentNode.insertBefore(scriptElement, vizElement);</script>\n\n\nIn order to understand the dataset and the symptoms, let’s take a look at the symptoms for all people that filled out the survey. The interactive bubble plot above shows the CRIS survey data for multiple demographics and sub demographics. Using the filtering option, you can choose which demographic's symptoms you'd like to view and the percent of each symptom out of the entire CRIS participant population. Thus, we can notice a few things. Across all demographics, cough, weakness/tiredness, shortness of breath, and joint pain were the highest recorded symptoms. Additionally, in terms of ethnic groups, non-white populations seem to have higher worry or anxiety and trouble sleeping in comparison to their white counterparts. This could be due to a number of socioeconomic factors, however, it's still a very telling discover. Lastly, another thing to note is that much of the popular symptoms tracked across all demographics are mental (difficulty, worry or anxiety, and feelings of weakness). This is interesting to note since many, from an anecdotal perspective, experience these symptoms after COVID and do not identify as having Long Covid. Thus, it would be interesting to examine if mental side effects are a direct sign Long Covid post COVID diagnosis. \n\n## Harvard Long Covid Survey\nThe Harvard Long Covid survey provides a great resource to look at a variety of symptoms that one may have due to Long Covid. To further understand this dataset, we'll first view a glimpse of the cleaned dataset (for more information on the cleaning, please visit the Data Cleaning tab). \n\n\n::: {.panel-tabset}\n\n## Data Types \n```{python}\n#| code-fold: true\nharvard = pd.read_csv(\"../../data/01-modified-data/harvard_long_covid_cleaned.csv\")\nharvard.info()\n```\n\n## Glimpse\n```{python}\n#| code-fold: true\nharvard.head()\n```\n\n## Correlation \n```{r}\n#| warning: false\n#| code-fold: true\n#| code-summary: \"Correlation Map\"\ndf <- read_csv(\"../../data/01-modified-data/harvard_long_covid_cleaned.csv\")\ndf <- df %>%\nselect(kidney:anxietydepression) %>%\nselect(-sob1)\n\ncorrelation_matrix2 <- cor(df, use = \"complete.obs\")\n\ncorrelation_matrix2 <- reshape2::melt(correlation_matrix2)\n\nggplot(correlation_matrix2, aes(x = Var1, y = Var2, fill = value)) +\ngeom_tile(color = \"white\") +\nscale_fill_gradient2(low = \"blue\", mid = \"white\", high = \"red\", midpoint = 0) +\ntheme_minimal() +\nlabs(title = \"Resources Correlation Plot\") +\n  theme(axis.text.x = element_text(angle = 90, hjust = 1))\n```\n\n:::\n\nHere we can see that there are 52 columns of potential symptoms of those surveyed as well as the individuals demographic information. To answer one of our data science questions, we can look to the `sex` variable to see the differences in symptoms between the categories. Below is a visualization of the symptoms categorized by sex. \n\n<div class='tableauPlaceholder' id='viz1701838217248' style='position: relative'><noscript><a href='#'><img alt='Symptoms by Sex ' src='https:&#47;&#47;public.tableau.com&#47;static&#47;images&#47;ha&#47;harvard_symptoms&#47;Sheet1&#47;1_rss.png' style='border: none' /></a></noscript><object class='tableauViz'  style='display:none;'><param name='host_url' value='https%3A%2F%2Fpublic.tableau.com%2F' /> <param name='embed_code_version' value='3' /> <param name='site_root' value='' /><param name='name' value='harvard_symptoms&#47;Sheet1' /><param name='tabs' value='no' /><param name='toolbar' value='yes' /><param name='static_image' value='https:&#47;&#47;public.tableau.com&#47;static&#47;images&#47;ha&#47;harvard_symptoms&#47;Sheet1&#47;1.png' /> <param name='animate_transition' value='yes' /><param name='display_static_image' value='yes' /><param name='display_spinner' value='yes' /><param name='display_overlay' value='yes' /><param name='display_count' value='yes' /><param name='language' value='en-US' /><param name='filter' value='publish=yes' /></object></div>\n<script type='text/javascript'>\nvar divElement = document.getElementById('viz1701838217248');\nvar vizElement = divElement.getElementsByTagName('object')[0];\nvizElement.style.width='100%';vizElement.style.height=(divElement.offsetWidth*0.75)+'px';\nvar scriptElement = document.createElement('script');\nscriptElement.src = 'https://public.tableau.com/javascripts/api/viz_v1.js';\nvizElement.parentNode.insertBefore(scriptElement, vizElement);</script>\n\nFrom this stacked bar plot, we can see a number of interesting things about the symptoms. For starters, symptoms of trouble chewing/swallowing and heart attacks are exclusive to the men survey in this study. Additionally, women exclusively experience hair loss as a result of Long Covid. As we previously saw stress, worry, and anxiety being popular symptoms of Long Covid, we can deduce that hair loss may be an exogenous to overall stress of Long Covid. Additionally, on average, it appears that women are more likely to have headaches, muscle pain, weakness in the arms, and ageusia (the loss of taste). For men, on average, they are more likely to experience anxiety or depression, general covid complications, and hospitalization due to the severity of their symptoms. From these insights, we can say that men may be more likely to experience mental health problems as a result of long covid. However, given that these survey results are self-reported, we will need to look at the other datasets to make a more inferred conclusion. \n\n## Long Covid News\nLong Covid News can be difficult to interpret. Our goal is to conduct a sentiment analysis on the media collected regarding Long Covid as well as other infectious diseases like chickenpox and influenza. Thus, to conduct this analysis, we'll first need to \n\n::: {.panel-tabset}\n\n## Visualization\n```{r}\n#| code-fold: true\n#| code-summary: \"Sentiment Analysis\"\n\nlibrary(sentimentr)\nnews <- read.csv(\"../../data/01-modified-data/news_clean.csv\")\n\nnews$sentiment_score <- sentimentr::sentiment_by(news$all_text)$ave_sentiment\n\nnews <- news %>%\nmutate(sentiment = ifelse(sentiment_score >= 0, \"positive\", \"negative\"))\n\nnews$publishedAt <- as.POSIXct(news$publishedAt, format = \"%Y-%m-%dT%H:%M:%SZ\")\nnews <- news %>% mutate(topic = factor(topic, levels = c(1, 2, 3), labels = c(\"Long Covid\", \"Chickenpox\", \"Influenza\"))) \n\nnews_tibble <- as_tibble(news)\n\n# Define a color palette for topics\ntopic_colors <- c(\"Long Covid\" = \"blue\", \"Influenza\" = \"darkgreen\", \"Chickenpox\" = \"orange\")\n\n# Create a line plot\nggplot(news_tibble, aes(x = publishedAt, y = sentiment_score, color = topic)) +\n  geom_line() +\n  geom_point() +\n  facet_wrap(~topic, scales = \"free_y\", ncol = 1) +\n  labs(title = \"Sentiment Over Time by Topic\",\n       x = \"Date and Time\",\n       y = \"Sentiment Score\",\n       color = \"Topic\") +\n  theme_minimal() +\n  geom_hline(yintercept = 0, linetype = \"dashed\", color = \"red\") +\n  scale_color_manual(values = topic_colors)\n```\n\n## Data\n```{r}\n#| code-fold: true\n# Display the DataFrame\nhead(news)\n```\n\n:::\n\nUsing the R package `sentimentr`, I calculated the sentiment score for each article. From there we grouped the data by each infectious disease (Long Covid, chickenpox, and influenza) and plotted the sentiment score over time. The results of this analysis show that the strength in which Long Covid is talked about in media, both positive and negative, is less than influenza and chickenpox, with the absolute strength on both sides being approximately 0.8. In comparison, chickenpox had both positive and negative articles with strength close to 1. Additionally, chickenpox had articles clustered to zero in the beginning, indicating neutral reporting. However, as time progressed, we see drastic shifts in sentiment. Influenza and Long Covid, however, see a continuous fluctuation in sentiment, with influenza have higher strength in sentiment, especially with negative works. Thus, from this sentiment analysis, we can say that Long Covid seems to be the most neutral in comparison to the two other infectious diseases chosen. \n\n## Presidential Address\n\nSimilarly to the News articles on Long Covid, we can take a look at the text data of the White House's official statement on its efforts to confront and treat long covid through a frequency analysis. Creating a word cloud is one way to visualize the text. \n\n\n::: {.panel-tabset}\n\n\n## Visualization\n```{r}\n#| code-fold: true\ngov <- read.csv(\"../../data/01-modified-data/white_house_df_clean.csv\")\n\ngov$sentiment_score <- sentimentr::sentiment_by(gov$Text)$ave_sentiment\n\ngov <- gov %>%\nmutate(sentiment = ifelse(sentiment_score >= 0, \"positive\", \"negative\")) %>%\nmutate(time = seq_len(n()))\n\ngov_tibble <- as_tibble(gov)\n\n# Create a line plot\nggplot(gov_tibble, aes(x = time, y = sentiment_score)) +\n  geom_line() +\n  geom_point() +\n  labs(title = \"Sentiment Over Time by Topic\",\n       x = \"Date and Time\",\n       y = \"Sentiment Score\") +\n  theme_minimal() +\n  geom_hline(yintercept = 0, linetype = \"dashed\", color = \"red\") \n```\n\n## Data \n```{r}\n#| code-fold: true\n# Display the DataFrame\nhead(gov)\n```\n\n:::\n\nOur sentiment analysis of the White House's Presidential Memorandum on Long Covid over the course of the document is shown in the graph above. From this graph, we can see that the document takes on a positive sentiment for the majority of the writing. There is an exception in the seventh paragraph, with the sentiment being approximately -0.5. Looking back at the paragraph, we can see that the president discusses the growing pains of the nation due to the COVID-19 pandemic in regards to the mental health crisis, lack of childcare and education, as well as the grief of the country over the millions lost to the disease. However, the tone of the memorandum changes as President Biden addresses the nations courage and resilience, as well as the steps being taken to combat Long Covid. Overall, we can say that the White House presented the country with a positive message on Long Covid in the midst of a divided nation. ","srcMarkdownNoYaml":"\n\n```{r}\n#| echo: false\n#| warning: false\nlibrary(tidyverse)\nlibrary(stringr)\nlibrary(reticulate)\nlibrary(tidyverse)\nlibrary(readxl)\nlibrary(janitor)\n\nuse_python(\"/usr/local/bin/python3\", require = T)\nknitr::knit_engines$set(python = reticulate::eng_python)\n```\n\nExploratory Data Analysis (EDA), also called Data Exploration, stands as a pivotal cornerstone of data science, serving as a compass that guides analysts through the cleaned data. At its essence, EDA is a process that unveils the inherent patterns, outliers, and hidden insights within a dataset. By employing statistical and visual techniques, we will foster an intimate understanding of the underlying structure and nuances of the data. EDA empowers decision-makers with the ability to formulate informed hypotheses, identify potential pitfalls, and refine the scope of subsequent analyses. In the analysis of Long Covid, we will visualize symptom data from a meriad of sources in order to identify which symptoms are the most prevelant, what demographics are experiencing these symptoms, and relationships between demographics and symptoms. Additionally, EDA will help us to gain an understanding of the sentiment in media coverage as well as the sentiment of the President's memoradum on Long Covid. \n\n```{python}\n#| echo: false\n#| warning: false\nimport pandas as pd\nimport seaborn as sns \nimport numpy as np\nimport matplotlib.pyplot as plt\n```\n\n## CDC - Long Covid\n\nOur Long Covid dataset consists of survey statistics from a long covid survey conducted by the CDC. In this survery, we can see that users were asked to fill out a mutliple of demographic questions and then choose which long covid experience best decribing them. Let's take a look at the cleaned data. \n\n::: {.panel-tabset}\n\n## Data Types\n\n```{python}\n#| code-fold: true\ncdc = pd.read_csv(\"../../data/01-modified-data/cdc_clean.csv\")\ncdc.drop('Unnamed: 0', axis = 1, inplace= True)\ncdc.info()\n```\n\n## Glimpse\n```{python}\n#| echo: false\ncdc.head()\n```\n\n## Boxplot\nThus far, we can see some of the important columns to take a further look at are `group`, `subgroup`, `value`, and `key`. Firstly, let's look at the distribution of the value (percent having Long Covid based on the key's defintion) grouped by each key. \n\n```{python}\n#| code-fold: true\nfig, ax = plt.subplots(figsize=(8, 6))\nsns.boxplot(x=\"key\", y=\"value\",\n            hue=\"key\", palette=\"Set2\",\n            data=cdc)\nplt.show()\n```\n\n## Barplots \n\n```{python}\n#| code-fold: true\nfig, axs = plt.subplots(4, 2, figsize=(10, 25))\n\ngroups = cdc['group'].unique()\nfor i, ax in zip(range(1,9), axs.ravel()):\n    if i == 8:\n        analysis = cdc[cdc[\"group\"] == groups[i]]\n        sns.barplot(analysis, x=\"subgroup\", y=\"value\", hue = \"subgroup\", ax = ax, errorbar=None)\n\n        # chart formatting\n        ax.set_title(groups[i])\n        ax.set_xlabel(\"\")\n        ax.tick_params(axis='x', rotation=90)\n    else:\n        analysis = cdc[cdc[\"group\"] == groups[i]]\n        sns.barplot(analysis, x=\"subgroup\", y=\"value\", hue = \"subgroup\", estimator = \"mean\", ax = ax, errorbar=None)\n        for j in ax.containers:\n            ax.bar_label(j,)\n\n        # chart formatting\n        ax.set_title(groups[i])\n        ax.set_xlabel(\"\")\n        ax.tick_params(axis='x', rotation=45)\n\nplt.tight_layout()\n\nplt.show()\n```\n\n## Distributions\n\n```{python}\n#| code-fold: true\nfig, axs = plt.subplots(5, 2, figsize=(10, 25))\n\ngroups = cdc['group'].unique()\nfor i, ax in zip(range(10), axs.ravel()):\n    if i == 9:\n        sns.histplot(cdc, x=\"value\", ax = ax, kde = True)\n        # chart formatting\n        ax.set_title('All')\n        ax.set_xlabel(\"\")\n    else:\n        analysis = cdc[cdc[\"group\"] == groups[i]]\n        sns.histplot(analysis, x=\"value\", ax = ax, kde = True)\n\n        # chart formatting\n        ax.set_title(groups[i])\n\nplt.tight_layout()\n\nplt.show()\n```\n\n:::\n\n\nFrom the boxplots, we can see that the distribution across keys is varying, with the highest percentage going to key 6, representing the percentage of adults with any activity limitations from long Covid who also currently have long Covid. The lowest range of values goes to key 9, which represents the percentage of adults of significant activity limitations. \n\nThus, to understand this data further, we'll take a look at the additional groups affected by Long Covid in a number of ways. \n\nLet's take a look at the data through each group and it's given subgroups. Primarily, amongst all Long Covid patients surveyed through the CDC, we can see that the largest age group surveyed was those age 40-49. Additionally, more females responded to the survey than males. In terms of gender and sexuality, cis-gender females and transgender people had a higher experience with long Covid than cis-gender males and bisexual individuals had a greater percentage of long covid experiences. A few other things to note, those in the category \"non-Hispanic, other races and multiple races\" were highest amongst the ethnicity demographics and not surprisingly, the highest disparity amongst the subcategories was between those who were disabled verses not disabled. Those with a disability had a 12.2% increase in long covid experiences than those who do not have a disability. The is very important to understanding Long Covid, as it has been known to effect those with disabilities more than it say with non-immunocompromised people. \n\nLastly, we'll take a look at the overall distributions for each key value in order to understand the survey in greater detail. \n\nFor all subgroups and the dataset as a whole, we can see that the distributions are all rightly skewed. This indicates that most of the percentages collected all fell closer to zero. Since this dataset is heavily filled with categorical data, we will try to develop a way to pare down the features through naive bayes analysis and feature selection within the next section. \n\n\n## UK Symptoms Survey\n\nThe following dataset was measured to UK survey and app data regarding symptoms tracked for patients with Long Covid. In order to understand the distribution of the data and track the symptoms over time, we can take a look at the following. \n\n::: {.panel-tabset}\n\n## Data Types \n```{python}\n#| code-fold: true\nuk_health = pd.read_csv(\"../../data/01-modified-data/long_covid_uk_clean.csv\")\nuk_health.drop('Unnamed: 0', axis = 1, inplace= True)\nuk_health.info()\n```\n\n## Glimpse\n```{python}\n#| code-fold: true\nuk_health.head()\n```\n\n:::\n\nSome important features to look at in the data set are symptom, which are the symptoms people tracked in the survey, domain and group, which act similarly to the group and subgroup from the CDC data, and estimate, which is the corresponding percentage of the those who filled out the survey. If we to extrapolate from the survey data, we could also use the lower and upper confidence boundaries. \n\n\n<div class='tableauPlaceholder' id='viz1701826396502' style='position: relative'><noscript><a href='#'><img alt='Sheet 1 - Ethnic group, Non-white ' src='https:&#47;&#47;public.tableau.com&#47;static&#47;images&#47;FS&#47;FSFYGWRPF&#47;1_rss.png' style='border: none' /></a></noscript><object class='tableauViz'  style='display:none;'><param name='host_url' value='https%3A%2F%2Fpublic.tableau.com%2F' /> <param name='embed_code_version' value='3' /> <param name='path' value='shared&#47;FSFYGWRPF' /> <param name='toolbar' value='yes' /><param name='static_image' value='https:&#47;&#47;public.tableau.com&#47;static&#47;images&#47;FS&#47;FSFYGWRPF&#47;1.png' /> <param name='animate_transition' value='yes' /><param name='display_static_image' value='yes' /><param name='display_spinner' value='yes' /><param name='display_overlay' value='yes' /><param name='display_count' value='yes' /><param name='language' value='en-US' /><param name='filter' value='publish=yes' /></object></div>\n<script type='text/javascript'>\nvar divElement = document.getElementById('viz1701826396502');\nvar vizElement = divElement.getElementsByTagName('object')[0];\nvizElement.style.width='100%';vizElement.style.height=(divElement.offsetWidth*0.75)+'px';\nvar scriptElement = document.createElement('script');\nscriptElement.src = 'https://public.tableau.com/javascripts/api/viz_v1.js';\nvizElement.parentNode.insertBefore(scriptElement, vizElement);</script>\n\n\nIn order to understand the dataset and the symptoms, let’s take a look at the symptoms for all people that filled out the survey. The interactive bubble plot above shows the CRIS survey data for multiple demographics and sub demographics. Using the filtering option, you can choose which demographic's symptoms you'd like to view and the percent of each symptom out of the entire CRIS participant population. Thus, we can notice a few things. Across all demographics, cough, weakness/tiredness, shortness of breath, and joint pain were the highest recorded symptoms. Additionally, in terms of ethnic groups, non-white populations seem to have higher worry or anxiety and trouble sleeping in comparison to their white counterparts. This could be due to a number of socioeconomic factors, however, it's still a very telling discover. Lastly, another thing to note is that much of the popular symptoms tracked across all demographics are mental (difficulty, worry or anxiety, and feelings of weakness). This is interesting to note since many, from an anecdotal perspective, experience these symptoms after COVID and do not identify as having Long Covid. Thus, it would be interesting to examine if mental side effects are a direct sign Long Covid post COVID diagnosis. \n\n## Harvard Long Covid Survey\nThe Harvard Long Covid survey provides a great resource to look at a variety of symptoms that one may have due to Long Covid. To further understand this dataset, we'll first view a glimpse of the cleaned dataset (for more information on the cleaning, please visit the Data Cleaning tab). \n\n\n::: {.panel-tabset}\n\n## Data Types \n```{python}\n#| code-fold: true\nharvard = pd.read_csv(\"../../data/01-modified-data/harvard_long_covid_cleaned.csv\")\nharvard.info()\n```\n\n## Glimpse\n```{python}\n#| code-fold: true\nharvard.head()\n```\n\n## Correlation \n```{r}\n#| warning: false\n#| code-fold: true\n#| code-summary: \"Correlation Map\"\ndf <- read_csv(\"../../data/01-modified-data/harvard_long_covid_cleaned.csv\")\ndf <- df %>%\nselect(kidney:anxietydepression) %>%\nselect(-sob1)\n\ncorrelation_matrix2 <- cor(df, use = \"complete.obs\")\n\ncorrelation_matrix2 <- reshape2::melt(correlation_matrix2)\n\nggplot(correlation_matrix2, aes(x = Var1, y = Var2, fill = value)) +\ngeom_tile(color = \"white\") +\nscale_fill_gradient2(low = \"blue\", mid = \"white\", high = \"red\", midpoint = 0) +\ntheme_minimal() +\nlabs(title = \"Resources Correlation Plot\") +\n  theme(axis.text.x = element_text(angle = 90, hjust = 1))\n```\n\n:::\n\nHere we can see that there are 52 columns of potential symptoms of those surveyed as well as the individuals demographic information. To answer one of our data science questions, we can look to the `sex` variable to see the differences in symptoms between the categories. Below is a visualization of the symptoms categorized by sex. \n\n<div class='tableauPlaceholder' id='viz1701838217248' style='position: relative'><noscript><a href='#'><img alt='Symptoms by Sex ' src='https:&#47;&#47;public.tableau.com&#47;static&#47;images&#47;ha&#47;harvard_symptoms&#47;Sheet1&#47;1_rss.png' style='border: none' /></a></noscript><object class='tableauViz'  style='display:none;'><param name='host_url' value='https%3A%2F%2Fpublic.tableau.com%2F' /> <param name='embed_code_version' value='3' /> <param name='site_root' value='' /><param name='name' value='harvard_symptoms&#47;Sheet1' /><param name='tabs' value='no' /><param name='toolbar' value='yes' /><param name='static_image' value='https:&#47;&#47;public.tableau.com&#47;static&#47;images&#47;ha&#47;harvard_symptoms&#47;Sheet1&#47;1.png' /> <param name='animate_transition' value='yes' /><param name='display_static_image' value='yes' /><param name='display_spinner' value='yes' /><param name='display_overlay' value='yes' /><param name='display_count' value='yes' /><param name='language' value='en-US' /><param name='filter' value='publish=yes' /></object></div>\n<script type='text/javascript'>\nvar divElement = document.getElementById('viz1701838217248');\nvar vizElement = divElement.getElementsByTagName('object')[0];\nvizElement.style.width='100%';vizElement.style.height=(divElement.offsetWidth*0.75)+'px';\nvar scriptElement = document.createElement('script');\nscriptElement.src = 'https://public.tableau.com/javascripts/api/viz_v1.js';\nvizElement.parentNode.insertBefore(scriptElement, vizElement);</script>\n\nFrom this stacked bar plot, we can see a number of interesting things about the symptoms. For starters, symptoms of trouble chewing/swallowing and heart attacks are exclusive to the men survey in this study. Additionally, women exclusively experience hair loss as a result of Long Covid. As we previously saw stress, worry, and anxiety being popular symptoms of Long Covid, we can deduce that hair loss may be an exogenous to overall stress of Long Covid. Additionally, on average, it appears that women are more likely to have headaches, muscle pain, weakness in the arms, and ageusia (the loss of taste). For men, on average, they are more likely to experience anxiety or depression, general covid complications, and hospitalization due to the severity of their symptoms. From these insights, we can say that men may be more likely to experience mental health problems as a result of long covid. However, given that these survey results are self-reported, we will need to look at the other datasets to make a more inferred conclusion. \n\n## Long Covid News\nLong Covid News can be difficult to interpret. Our goal is to conduct a sentiment analysis on the media collected regarding Long Covid as well as other infectious diseases like chickenpox and influenza. Thus, to conduct this analysis, we'll first need to \n\n::: {.panel-tabset}\n\n## Visualization\n```{r}\n#| code-fold: true\n#| code-summary: \"Sentiment Analysis\"\n\nlibrary(sentimentr)\nnews <- read.csv(\"../../data/01-modified-data/news_clean.csv\")\n\nnews$sentiment_score <- sentimentr::sentiment_by(news$all_text)$ave_sentiment\n\nnews <- news %>%\nmutate(sentiment = ifelse(sentiment_score >= 0, \"positive\", \"negative\"))\n\nnews$publishedAt <- as.POSIXct(news$publishedAt, format = \"%Y-%m-%dT%H:%M:%SZ\")\nnews <- news %>% mutate(topic = factor(topic, levels = c(1, 2, 3), labels = c(\"Long Covid\", \"Chickenpox\", \"Influenza\"))) \n\nnews_tibble <- as_tibble(news)\n\n# Define a color palette for topics\ntopic_colors <- c(\"Long Covid\" = \"blue\", \"Influenza\" = \"darkgreen\", \"Chickenpox\" = \"orange\")\n\n# Create a line plot\nggplot(news_tibble, aes(x = publishedAt, y = sentiment_score, color = topic)) +\n  geom_line() +\n  geom_point() +\n  facet_wrap(~topic, scales = \"free_y\", ncol = 1) +\n  labs(title = \"Sentiment Over Time by Topic\",\n       x = \"Date and Time\",\n       y = \"Sentiment Score\",\n       color = \"Topic\") +\n  theme_minimal() +\n  geom_hline(yintercept = 0, linetype = \"dashed\", color = \"red\") +\n  scale_color_manual(values = topic_colors)\n```\n\n## Data\n```{r}\n#| code-fold: true\n# Display the DataFrame\nhead(news)\n```\n\n:::\n\nUsing the R package `sentimentr`, I calculated the sentiment score for each article. From there we grouped the data by each infectious disease (Long Covid, chickenpox, and influenza) and plotted the sentiment score over time. The results of this analysis show that the strength in which Long Covid is talked about in media, both positive and negative, is less than influenza and chickenpox, with the absolute strength on both sides being approximately 0.8. In comparison, chickenpox had both positive and negative articles with strength close to 1. Additionally, chickenpox had articles clustered to zero in the beginning, indicating neutral reporting. However, as time progressed, we see drastic shifts in sentiment. Influenza and Long Covid, however, see a continuous fluctuation in sentiment, with influenza have higher strength in sentiment, especially with negative works. Thus, from this sentiment analysis, we can say that Long Covid seems to be the most neutral in comparison to the two other infectious diseases chosen. \n\n## Presidential Address\n\nSimilarly to the News articles on Long Covid, we can take a look at the text data of the White House's official statement on its efforts to confront and treat long covid through a frequency analysis. Creating a word cloud is one way to visualize the text. \n\n\n::: {.panel-tabset}\n\n\n## Visualization\n```{r}\n#| code-fold: true\ngov <- read.csv(\"../../data/01-modified-data/white_house_df_clean.csv\")\n\ngov$sentiment_score <- sentimentr::sentiment_by(gov$Text)$ave_sentiment\n\ngov <- gov %>%\nmutate(sentiment = ifelse(sentiment_score >= 0, \"positive\", \"negative\")) %>%\nmutate(time = seq_len(n()))\n\ngov_tibble <- as_tibble(gov)\n\n# Create a line plot\nggplot(gov_tibble, aes(x = time, y = sentiment_score)) +\n  geom_line() +\n  geom_point() +\n  labs(title = \"Sentiment Over Time by Topic\",\n       x = \"Date and Time\",\n       y = \"Sentiment Score\") +\n  theme_minimal() +\n  geom_hline(yintercept = 0, linetype = \"dashed\", color = \"red\") \n```\n\n## Data \n```{r}\n#| code-fold: true\n# Display the DataFrame\nhead(gov)\n```\n\n:::\n\nOur sentiment analysis of the White House's Presidential Memorandum on Long Covid over the course of the document is shown in the graph above. From this graph, we can see that the document takes on a positive sentiment for the majority of the writing. There is an exception in the seventh paragraph, with the sentiment being approximately -0.5. Looking back at the paragraph, we can see that the president discusses the growing pains of the nation due to the COVID-19 pandemic in regards to the mental health crisis, lack of childcare and education, as well as the grief of the country over the millions lost to the disease. However, the tone of the memorandum changes as President Biden addresses the nations courage and resilience, as well as the steps being taken to combat Long Covid. Overall, we can say that the White House presented the country with a positive message on Long Covid in the midst of a divided nation. "},"formats":{"html":{"identifier":{"display-name":"HTML","target-format":"html","base-format":"html"},"execute":{"fig-width":7,"fig-height":5,"fig-format":"retina","fig-dpi":96,"df-print":"default","error":false,"eval":true,"cache":null,"freeze":false,"echo":true,"output":true,"warning":true,"include":true,"keep-md":false,"keep-ipynb":false,"ipynb":null,"enabled":null,"daemon":null,"daemon-restart":false,"debug":false,"ipynb-filters":[],"engine":"knitr"},"render":{"keep-tex":false,"keep-source":false,"keep-hidden":false,"prefer-html":false,"output-divs":true,"output-ext":"html","fig-align":"default","fig-pos":null,"fig-env":null,"code-fold":"none","code-overflow":"scroll","code-link":false,"code-line-numbers":false,"code-tools":false,"tbl-colwidths":"auto","merge-includes":true,"inline-includes":false,"preserve-yaml":false,"latex-auto-mk":true,"latex-auto-install":true,"latex-clean":true,"latex-max-runs":10,"latex-makeindex":"makeindex","latex-makeindex-opts":[],"latex-tlmgr-opts":[],"latex-input-paths":[],"latex-output-dir":null,"link-external-icon":false,"link-external-newwindow":false,"self-contained-math":false,"format-resources":[],"notebook-links":true,"format-links":true},"pandoc":{"standalone":true,"wrap":"none","default-image-extension":"png","to":"html","css":["styles.css"],"toc":true,"output-file":"data-exploration.html"},"language":{"toc-title-document":"Table of contents","toc-title-website":"On this page","related-formats-title":"Other Formats","related-notebooks-title":"Notebooks","source-notebooks-prefix":"Source","section-title-abstract":"Abstract","section-title-appendices":"Appendices","section-title-footnotes":"Footnotes","section-title-references":"References","section-title-reuse":"Reuse","section-title-copyright":"Copyright","section-title-citation":"Citation","appendix-attribution-cite-as":"For attribution, please cite this work as:","appendix-attribution-bibtex":"BibTeX citation:","title-block-author-single":"Author","title-block-author-plural":"Authors","title-block-affiliation-single":"Affiliation","title-block-affiliation-plural":"Affiliations","title-block-published":"Published","title-block-modified":"Modified","callout-tip-title":"Tip","callout-note-title":"Note","callout-warning-title":"Warning","callout-important-title":"Important","callout-caution-title":"Caution","code-summary":"Code","code-tools-menu-caption":"Code","code-tools-show-all-code":"Show All Code","code-tools-hide-all-code":"Hide All Code","code-tools-view-source":"View Source","code-tools-source-code":"Source Code","code-line":"Line","code-lines":"Lines","copy-button-tooltip":"Copy to Clipboard","copy-button-tooltip-success":"Copied!","repo-action-links-edit":"Edit this page","repo-action-links-source":"View source","repo-action-links-issue":"Report an issue","back-to-top":"Back to top","search-no-results-text":"No results","search-matching-documents-text":"matching documents","search-copy-link-title":"Copy link to search","search-hide-matches-text":"Hide additional matches","search-more-match-text":"more match in this document","search-more-matches-text":"more matches in this document","search-clear-button-title":"Clear","search-detached-cancel-button-title":"Cancel","search-submit-button-title":"Submit","search-label":"Search","toggle-section":"Toggle section","toggle-sidebar":"Toggle sidebar navigation","toggle-dark-mode":"Toggle dark mode","toggle-reader-mode":"Toggle reader mode","toggle-navigation":"Toggle navigation","crossref-fig-title":"Figure","crossref-tbl-title":"Table","crossref-lst-title":"Listing","crossref-thm-title":"Theorem","crossref-lem-title":"Lemma","crossref-cor-title":"Corollary","crossref-prp-title":"Proposition","crossref-cnj-title":"Conjecture","crossref-def-title":"Definition","crossref-exm-title":"Example","crossref-exr-title":"Exercise","crossref-ch-prefix":"Chapter","crossref-apx-prefix":"Appendix","crossref-sec-prefix":"Section","crossref-eq-prefix":"Equation","crossref-lof-title":"List of Figures","crossref-lot-title":"List of Tables","crossref-lol-title":"List of Listings","environment-proof-title":"Proof","environment-remark-title":"Remark","environment-solution-title":"Solution","listing-page-order-by":"Order By","listing-page-order-by-default":"Default","listing-page-order-by-date-asc":"Oldest","listing-page-order-by-date-desc":"Newest","listing-page-order-by-number-desc":"High to Low","listing-page-order-by-number-asc":"Low to High","listing-page-field-date":"Date","listing-page-field-title":"Title","listing-page-field-description":"Description","listing-page-field-author":"Author","listing-page-field-filename":"File Name","listing-page-field-filemodified":"Modified","listing-page-field-subtitle":"Subtitle","listing-page-field-readingtime":"Reading Time","listing-page-field-categories":"Categories","listing-page-minutes-compact":"{0} min","listing-page-category-all":"All","listing-page-no-matches":"No matching items"},"metadata":{"lang":"en","fig-responsive":true,"quarto-version":"1.3.450","theme":"minty","title":"Data Exploration"},"extensions":{"book":{"multiFile":true}}}},"projectFormats":["html"]}