{"title":"Data Gathering","markdown":{"yaml":{"title":"Data Gathering"},"headingText":"Record data from CDC - Long Covid:","containsRefs":false,"markdown":"\n\n```{css, echo=FALSE}\n.custom-border {\n  border: 3px solid #78c2ae; /* Minty color, adjust as needed */\n  padding: 2px; /* Adjust padding as needed */\n}\n```\n\nIn order to understand long covid, I will be gathering data from a multitude of sources.\n\n\n:::: {.columns}\n\n::: {.column width=\"70%\"}\nThe CDC, in partnership with the Census Bureau, releases the results of a Household Pulse Survey, a survey that began in Phase 3.5 of the COVID-19 pandemic (June of 2022) with questions regarding symptoms that may have lasted 3 months of longer since the patient's COVID-19 diagnosis. The survey collects the results of those with post covid-19 symptoms across a multitude of demographics including age, sex, gender, and location (state). These survey results were recorded every 2 weeks and released the followed 2 weeks. Using the open SODA API and the integration in R via *RSocrata*, I was able to obtain this dataset. A sample of the raw dataset is show below.\n\n:::\n\n::: {.column width=\"5%\"}\n<!-- empty column to create gap -->\n:::\n\n::: {.column width=\"25%\"}\n![](images/cdc_logo.png){fig-align=\"center\"} \n\n:::\n\n::::\n\nIn the dataset, we notice that the first column is called `indicator`. This depicts the group of people surveyed and the average results. The following indicator demographics were collected: The percentage of all U.S. adults who EVER experienced post-COVID conditions (long COVID) that lasted three months or longer and had COVID, the percentage of adults who EVER experienced post-COVID conditions (long COVID) among those who ever had COVID, the percentage of all U.S. adults who are CURRENTLY experiencing post-COVID conditions (long COVID) symptoms and had COVID, and the percentage of adults who are CURRENTLY experiencing post-COVID conditions (long COVID) among those who ever had COVID. The next columns we can discuss are `group` and `subgroup`, where group describes the demographic category (age, sex, gender, race) and the subgroup is the values within the group (age ranges and specific sex, gender, and race). Other columns include `State` (the entirety of the U.S is also included), `Time` (number of weeks), the `Value`, which is the percentage of the indicator group. \n\n**Please Note:** *In the survey questions, the CDC pre-defined Long Covid sympotoms as the following: \"Long term symptoms may include: Tiredness or fatigue, difficulty thinking, concentrating, forgetfulness, or memory problems (sometimes referred to as “brain fog”), difficulty breathing or shortness of breath, joint or muscle pain, fast-beating or pounding heart (also known as heart palpitations), chest pain, dizziness on standing, menstrual changes, changes to taste/smell, or inability to exercise.\"*\n\n```{r}\n#| code-fold: true\n#| include: false\nlibrary(RSocrata)\nlibrary(reticulate)\nuse_python(\"/usr/local/bin/python3\", require = T)\nknitr::knit_engines$set(python = reticulate::eng_python)\n# cdc <- read.socrata('https://data.cdc.gov/resource/gsea-w83j.csv')\n#write.csv(cdc, \"../../data/00-raw-data/cdc_raw.csv\", row.names = FALSE)\n```\n\n![CDC Survey Data](images/cdc_raw_data.png){width=70% fig-align='center' .custom-border}\n\n**[CDC Raw Data](https://github.com/anly501/dsan-5000-project-schinthak/blob/main/data/00-raw-data/cdc_raw.csv)**\n\n## Long Covid Symptoms in UK \n\n:::: {.columns}\n\n::: {.column width=\"30%\"}\n![](images/uk_logo.png){fig-align=\"center\"} \n:::\n\n::: {.column width=\"5%\"}\n<!-- empty column to create gap -->\n:::\n\n::: {.column width=\"65%\"}\nIn order to understand the symptoms faced by Long Covid patients, we'll also be looking at data sourced from the UK. The COVID-19 and Respiratory Infections Survey (CRIS) was used to obtain self-reported persisting symptoms of long covid within the UK. This dataset was downloaded from the Office of National Statistics (UK). It is important to note that these statistics are not a reflection of the entire UK populations, but rather the individuals who self-reported Long Covid through the CRIS survey. All data in this survey was collected between April - July of 2023. \n\n:::\n\n::::\n\nThe data itself is originally sourced from an excel file containing a multitude of sheets. The data encompasses surveys of those who reported Long Covid symptoms based on age, sex, ethnicity, geography, health, employment, and activity limitations. Please note that each demographic was reported separately, so we would not be able to detect further overlap in demographics. \n\n[Click here to view the source](https://www.ons.gov.uk/peoplepopulationandcommunity/healthandsocialcare/conditionsanddiseases/datasets/selfreportedlongcovidsymptomsuk)\n\n```{r}\n#| output: false\n#| echo: false\nlibrary(tidyverse)\nlibrary(readxl)\n\nlong_covid_uk_health <- read_excel(\"../../data/00-raw-data/longcovid_uk.xlsx\", sheet = 6)\nlong_covid_uk_job <- read_excel(\"../../data/00-raw-data/longcovid_uk.xlsx\", sheet = 7)\n```\n\n![UK Long Covid Survey Data Based on Health](images/uk_raw_data.png){width=70% fig-align='center' .custom-border}\n\n**[UK Survey Raw Data](https://github.com/anly501/dsan-5000-project-schinthak/blob/main/data/00-raw-data/longcovid_uk.xlsx)**\n\n\n## News API:\n\n![](images/news_api_logo.png){width=70% fig-align='center'}\n\nThe News API is a service that provides a way for accessing and retrieving news articles and related information from various sources on the internet. It is a way to integrate real-time and historical news data into their applications, websites, or services. By using the News API, I decided to extract all news articles that contained the key phrase \"long covid\". One disadvantage of the New API, however, is that it can only access news articles from the past month. Thus, for future study, a deeper dive into collecting more articles would be necessary. \n\nThe data itself contains the name of the news outlet, the title of the article, the description of the article, its URL, the date and time of the publication, as well as the content of the article. Going forward, I hope to use this text data to analyze the sentiment of Long Covid news over the past month as well as compare the media coverage of Long Covid in conparison to other contagious diseases such as chickenpox and influenza. \n\n```{python}\n#| echo: false\nAPI_KEY = '8491eeb10bba463a9665a53da25b1c69'\n```\n\n```{python}\n#| code-fold: true\n#| output: false\n\nfrom newsapi import NewsApiClient\nimport pandas as pd\nfrom datetime import date\nfrom dateutil.relativedelta import relativedelta\n\ndate = date.today()\ndate_past = date - relativedelta(months=1)\n\n# Init\nnewsapi = NewsApiClient(api_key= API_KEY)\n\nsources = newsapi.get_sources()\nsources = pd.DataFrame(sources['sources'])\nsources = sources[(sources['language'] == 'en')]\n\ndf_sources = ', '.join(sources['id'].astype(str))\ndf_domains = ', '.join(sources['url'].astype(str))\n\n\n# /v2/everything\np1 = newsapi.get_everything(q='\"long covid\"',\nsources=str(df_sources),\ndomains=str(df_domains),\nfrom_param= date_past,\nto= date,\nlanguage= 'en',\nsort_by='relevancy')\n\np2 = newsapi.get_everything(q='chickenpox',\nsources=str(df_sources),\ndomains=str(df_domains),\nfrom_param= date_past,\nto= date,\nlanguage= 'en',\nsort_by='relevancy')\n\np3 = newsapi.get_everything(q='influenza',\nsources=str(df_sources),\ndomains=str(df_domains),\nfrom_param= date_past,\nto= date,\nlanguage= 'en',\nsort_by='relevancy')\n\n#Concating the data\n\nlong_covid_news = pd.DataFrame(p1['articles'])\nlong_covid_news['topic'] = 1\nchickenpox_news = pd.DataFrame(p2['articles'])\nchickenpox_news['topic'] = 2\ninfluenza_news = pd.DataFrame(p3['articles'])\ninfluenza_news['topic'] = 3\nall_news = pd.concat([long_covid_news, chickenpox_news, influenza_news], axis=0)\n\nall_news[['id', 'name']] = pd.DataFrame(all_news['source'].tolist())\nall_news.drop(columns=['source'], inplace=True)\nall_news = all_news[['id','name','author','title','description','url','publishedAt','content','topic']]\nall_news = all_news[all_news['content'] != '[Removed]']\n\n\nall_news.to_csv('../../data/00-raw-data/news_raw.csv', index=False)\n```\n\n![News API Long Covid Data - Raw](images/news_raw_data.png){width=70% .custom-border}\n\n**[News Raw Data](https://github.com/anly501/dsan-5000-project-schinthak/blob/main/data/00-raw-data/long_covid_news_raw.csv)**\n\n\n## White House perspective of Long Covid and necessary steps:\nTo gain insights into the government's stance on Long Covid and the essential healthcare measures that need implementation, we turn our attention to the official statement from the U.S. White House. This communication likely elucidates the administration's understanding of the prolonged effects of COVID-19 and outlines the strategic healthcare initiatives deemed necessary to address the challenges posed by Long Covid for the American people. \n\nThrough this unlabeled text data, we hope to gain a better understanding of the government's priorities, proposed interventions, and its commitment to supporting those affected by the lasting impact of the virus, as well as the president's overall sentiment on this topic. \n[To view the President's Memorandum](https://www.whitehouse.gov/briefing-room/presidential-actions/2022/04/05/memorandum-on-addressing-the-long-term-effects-of-covid-19/). \n\n![The White House](images/white-house.png){width=50%}\n\n**[White House Raw Data](https://github.com/anly501/dsan-5000-project-schinthak/blob/main/data/00-raw-data/white_house_statement_raw.txt)**\n\n## Harvard Long Covid Survey \n\n:::: {.columns}\n\n::: {.column width=\"30%\"}\n![](images/harvard_logo.png){fig-align=\"center\"} \n:::\n\n::: {.column width=\"5%\"}\n<!-- empty column to create gap -->\n:::\n\n::: {.column width=\"65%\"}\nIn 2022, Harvard researcher, Paul Kuodi published a dataset containing the survey results of indivduals with Long Covid. The dataset is broken down into a vast number of columns containing demographic data for each indivdidual. Some of the variables within the dataset include country, sex, if the patient is Covid positive, number of days with Covid, vaccination status and type of vaccine, and a meried of symptoms ranging from respitory, autoimmune, vommiting, hairloss, and a fever just to name a few. This dataset is unique in that the survey allowed users to self-report symptoms rather than selecting from a pre-determined symptom list as with the other survey data I've collected. Please vists [Harvard Dataverse](https://dataverse.harvard.edu/dataset.xhtml?persistentId=doi:10.7910/DVN/N5I10C) to find the original data collected. \n\n:::\n\n::::","srcMarkdownNoYaml":"\n\n```{css, echo=FALSE}\n.custom-border {\n  border: 3px solid #78c2ae; /* Minty color, adjust as needed */\n  padding: 2px; /* Adjust padding as needed */\n}\n```\n\nIn order to understand long covid, I will be gathering data from a multitude of sources.\n\n## Record data from CDC - Long Covid: \n\n:::: {.columns}\n\n::: {.column width=\"70%\"}\nThe CDC, in partnership with the Census Bureau, releases the results of a Household Pulse Survey, a survey that began in Phase 3.5 of the COVID-19 pandemic (June of 2022) with questions regarding symptoms that may have lasted 3 months of longer since the patient's COVID-19 diagnosis. The survey collects the results of those with post covid-19 symptoms across a multitude of demographics including age, sex, gender, and location (state). These survey results were recorded every 2 weeks and released the followed 2 weeks. Using the open SODA API and the integration in R via *RSocrata*, I was able to obtain this dataset. A sample of the raw dataset is show below.\n\n:::\n\n::: {.column width=\"5%\"}\n<!-- empty column to create gap -->\n:::\n\n::: {.column width=\"25%\"}\n![](images/cdc_logo.png){fig-align=\"center\"} \n\n:::\n\n::::\n\nIn the dataset, we notice that the first column is called `indicator`. This depicts the group of people surveyed and the average results. The following indicator demographics were collected: The percentage of all U.S. adults who EVER experienced post-COVID conditions (long COVID) that lasted three months or longer and had COVID, the percentage of adults who EVER experienced post-COVID conditions (long COVID) among those who ever had COVID, the percentage of all U.S. adults who are CURRENTLY experiencing post-COVID conditions (long COVID) symptoms and had COVID, and the percentage of adults who are CURRENTLY experiencing post-COVID conditions (long COVID) among those who ever had COVID. The next columns we can discuss are `group` and `subgroup`, where group describes the demographic category (age, sex, gender, race) and the subgroup is the values within the group (age ranges and specific sex, gender, and race). Other columns include `State` (the entirety of the U.S is also included), `Time` (number of weeks), the `Value`, which is the percentage of the indicator group. \n\n**Please Note:** *In the survey questions, the CDC pre-defined Long Covid sympotoms as the following: \"Long term symptoms may include: Tiredness or fatigue, difficulty thinking, concentrating, forgetfulness, or memory problems (sometimes referred to as “brain fog”), difficulty breathing or shortness of breath, joint or muscle pain, fast-beating or pounding heart (also known as heart palpitations), chest pain, dizziness on standing, menstrual changes, changes to taste/smell, or inability to exercise.\"*\n\n```{r}\n#| code-fold: true\n#| include: false\nlibrary(RSocrata)\nlibrary(reticulate)\nuse_python(\"/usr/local/bin/python3\", require = T)\nknitr::knit_engines$set(python = reticulate::eng_python)\n# cdc <- read.socrata('https://data.cdc.gov/resource/gsea-w83j.csv')\n#write.csv(cdc, \"../../data/00-raw-data/cdc_raw.csv\", row.names = FALSE)\n```\n\n![CDC Survey Data](images/cdc_raw_data.png){width=70% fig-align='center' .custom-border}\n\n**[CDC Raw Data](https://github.com/anly501/dsan-5000-project-schinthak/blob/main/data/00-raw-data/cdc_raw.csv)**\n\n## Long Covid Symptoms in UK \n\n:::: {.columns}\n\n::: {.column width=\"30%\"}\n![](images/uk_logo.png){fig-align=\"center\"} \n:::\n\n::: {.column width=\"5%\"}\n<!-- empty column to create gap -->\n:::\n\n::: {.column width=\"65%\"}\nIn order to understand the symptoms faced by Long Covid patients, we'll also be looking at data sourced from the UK. The COVID-19 and Respiratory Infections Survey (CRIS) was used to obtain self-reported persisting symptoms of long covid within the UK. This dataset was downloaded from the Office of National Statistics (UK). It is important to note that these statistics are not a reflection of the entire UK populations, but rather the individuals who self-reported Long Covid through the CRIS survey. All data in this survey was collected between April - July of 2023. \n\n:::\n\n::::\n\nThe data itself is originally sourced from an excel file containing a multitude of sheets. The data encompasses surveys of those who reported Long Covid symptoms based on age, sex, ethnicity, geography, health, employment, and activity limitations. Please note that each demographic was reported separately, so we would not be able to detect further overlap in demographics. \n\n[Click here to view the source](https://www.ons.gov.uk/peoplepopulationandcommunity/healthandsocialcare/conditionsanddiseases/datasets/selfreportedlongcovidsymptomsuk)\n\n```{r}\n#| output: false\n#| echo: false\nlibrary(tidyverse)\nlibrary(readxl)\n\nlong_covid_uk_health <- read_excel(\"../../data/00-raw-data/longcovid_uk.xlsx\", sheet = 6)\nlong_covid_uk_job <- read_excel(\"../../data/00-raw-data/longcovid_uk.xlsx\", sheet = 7)\n```\n\n![UK Long Covid Survey Data Based on Health](images/uk_raw_data.png){width=70% fig-align='center' .custom-border}\n\n**[UK Survey Raw Data](https://github.com/anly501/dsan-5000-project-schinthak/blob/main/data/00-raw-data/longcovid_uk.xlsx)**\n\n\n## News API:\n\n![](images/news_api_logo.png){width=70% fig-align='center'}\n\nThe News API is a service that provides a way for accessing and retrieving news articles and related information from various sources on the internet. It is a way to integrate real-time and historical news data into their applications, websites, or services. By using the News API, I decided to extract all news articles that contained the key phrase \"long covid\". One disadvantage of the New API, however, is that it can only access news articles from the past month. Thus, for future study, a deeper dive into collecting more articles would be necessary. \n\nThe data itself contains the name of the news outlet, the title of the article, the description of the article, its URL, the date and time of the publication, as well as the content of the article. Going forward, I hope to use this text data to analyze the sentiment of Long Covid news over the past month as well as compare the media coverage of Long Covid in conparison to other contagious diseases such as chickenpox and influenza. \n\n```{python}\n#| echo: false\nAPI_KEY = '8491eeb10bba463a9665a53da25b1c69'\n```\n\n```{python}\n#| code-fold: true\n#| output: false\n\nfrom newsapi import NewsApiClient\nimport pandas as pd\nfrom datetime import date\nfrom dateutil.relativedelta import relativedelta\n\ndate = date.today()\ndate_past = date - relativedelta(months=1)\n\n# Init\nnewsapi = NewsApiClient(api_key= API_KEY)\n\nsources = newsapi.get_sources()\nsources = pd.DataFrame(sources['sources'])\nsources = sources[(sources['language'] == 'en')]\n\ndf_sources = ', '.join(sources['id'].astype(str))\ndf_domains = ', '.join(sources['url'].astype(str))\n\n\n# /v2/everything\np1 = newsapi.get_everything(q='\"long covid\"',\nsources=str(df_sources),\ndomains=str(df_domains),\nfrom_param= date_past,\nto= date,\nlanguage= 'en',\nsort_by='relevancy')\n\np2 = newsapi.get_everything(q='chickenpox',\nsources=str(df_sources),\ndomains=str(df_domains),\nfrom_param= date_past,\nto= date,\nlanguage= 'en',\nsort_by='relevancy')\n\np3 = newsapi.get_everything(q='influenza',\nsources=str(df_sources),\ndomains=str(df_domains),\nfrom_param= date_past,\nto= date,\nlanguage= 'en',\nsort_by='relevancy')\n\n#Concating the data\n\nlong_covid_news = pd.DataFrame(p1['articles'])\nlong_covid_news['topic'] = 1\nchickenpox_news = pd.DataFrame(p2['articles'])\nchickenpox_news['topic'] = 2\ninfluenza_news = pd.DataFrame(p3['articles'])\ninfluenza_news['topic'] = 3\nall_news = pd.concat([long_covid_news, chickenpox_news, influenza_news], axis=0)\n\nall_news[['id', 'name']] = pd.DataFrame(all_news['source'].tolist())\nall_news.drop(columns=['source'], inplace=True)\nall_news = all_news[['id','name','author','title','description','url','publishedAt','content','topic']]\nall_news = all_news[all_news['content'] != '[Removed]']\n\n\nall_news.to_csv('../../data/00-raw-data/news_raw.csv', index=False)\n```\n\n![News API Long Covid Data - Raw](images/news_raw_data.png){width=70% .custom-border}\n\n**[News Raw Data](https://github.com/anly501/dsan-5000-project-schinthak/blob/main/data/00-raw-data/long_covid_news_raw.csv)**\n\n\n## White House perspective of Long Covid and necessary steps:\nTo gain insights into the government's stance on Long Covid and the essential healthcare measures that need implementation, we turn our attention to the official statement from the U.S. White House. This communication likely elucidates the administration's understanding of the prolonged effects of COVID-19 and outlines the strategic healthcare initiatives deemed necessary to address the challenges posed by Long Covid for the American people. \n\nThrough this unlabeled text data, we hope to gain a better understanding of the government's priorities, proposed interventions, and its commitment to supporting those affected by the lasting impact of the virus, as well as the president's overall sentiment on this topic. \n[To view the President's Memorandum](https://www.whitehouse.gov/briefing-room/presidential-actions/2022/04/05/memorandum-on-addressing-the-long-term-effects-of-covid-19/). \n\n![The White House](images/white-house.png){width=50%}\n\n**[White House Raw Data](https://github.com/anly501/dsan-5000-project-schinthak/blob/main/data/00-raw-data/white_house_statement_raw.txt)**\n\n## Harvard Long Covid Survey \n\n:::: {.columns}\n\n::: {.column width=\"30%\"}\n![](images/harvard_logo.png){fig-align=\"center\"} \n:::\n\n::: {.column width=\"5%\"}\n<!-- empty column to create gap -->\n:::\n\n::: {.column width=\"65%\"}\nIn 2022, Harvard researcher, Paul Kuodi published a dataset containing the survey results of indivduals with Long Covid. The dataset is broken down into a vast number of columns containing demographic data for each indivdidual. Some of the variables within the dataset include country, sex, if the patient is Covid positive, number of days with Covid, vaccination status and type of vaccine, and a meried of symptoms ranging from respitory, autoimmune, vommiting, hairloss, and a fever just to name a few. This dataset is unique in that the survey allowed users to self-report symptoms rather than selecting from a pre-determined symptom list as with the other survey data I've collected. Please vists [Harvard Dataverse](https://dataverse.harvard.edu/dataset.xhtml?persistentId=doi:10.7910/DVN/N5I10C) to find the original data collected. \n\n:::\n\n::::"},"formats":{"html":{"identifier":{"display-name":"HTML","target-format":"html","base-format":"html"},"execute":{"fig-width":7,"fig-height":5,"fig-format":"retina","fig-dpi":96,"df-print":"default","error":false,"eval":true,"cache":null,"freeze":false,"echo":true,"output":true,"warning":true,"include":true,"keep-md":false,"keep-ipynb":false,"ipynb":null,"enabled":null,"daemon":null,"daemon-restart":false,"debug":false,"ipynb-filters":[],"engine":"knitr"},"render":{"keep-tex":false,"keep-source":false,"keep-hidden":false,"prefer-html":false,"output-divs":true,"output-ext":"html","fig-align":"default","fig-pos":null,"fig-env":null,"code-fold":"none","code-overflow":"scroll","code-link":false,"code-line-numbers":false,"code-tools":false,"tbl-colwidths":"auto","merge-includes":true,"inline-includes":false,"preserve-yaml":false,"latex-auto-mk":true,"latex-auto-install":true,"latex-clean":true,"latex-max-runs":10,"latex-makeindex":"makeindex","latex-makeindex-opts":[],"latex-tlmgr-opts":[],"latex-input-paths":[],"latex-output-dir":null,"link-external-icon":false,"link-external-newwindow":false,"self-contained-math":false,"format-resources":[],"notebook-links":true,"format-links":true},"pandoc":{"standalone":true,"wrap":"none","default-image-extension":"png","to":"html","css":["styles.css"],"toc":true,"output-file":"data-gathering.html"},"language":{"toc-title-document":"Table of contents","toc-title-website":"On this page","related-formats-title":"Other Formats","related-notebooks-title":"Notebooks","source-notebooks-prefix":"Source","section-title-abstract":"Abstract","section-title-appendices":"Appendices","section-title-footnotes":"Footnotes","section-title-references":"References","section-title-reuse":"Reuse","section-title-copyright":"Copyright","section-title-citation":"Citation","appendix-attribution-cite-as":"For attribution, please cite this work as:","appendix-attribution-bibtex":"BibTeX citation:","title-block-author-single":"Author","title-block-author-plural":"Authors","title-block-affiliation-single":"Affiliation","title-block-affiliation-plural":"Affiliations","title-block-published":"Published","title-block-modified":"Modified","callout-tip-title":"Tip","callout-note-title":"Note","callout-warning-title":"Warning","callout-important-title":"Important","callout-caution-title":"Caution","code-summary":"Code","code-tools-menu-caption":"Code","code-tools-show-all-code":"Show All Code","code-tools-hide-all-code":"Hide All Code","code-tools-view-source":"View Source","code-tools-source-code":"Source Code","code-line":"Line","code-lines":"Lines","copy-button-tooltip":"Copy to Clipboard","copy-button-tooltip-success":"Copied!","repo-action-links-edit":"Edit this page","repo-action-links-source":"View source","repo-action-links-issue":"Report an issue","back-to-top":"Back to top","search-no-results-text":"No results","search-matching-documents-text":"matching documents","search-copy-link-title":"Copy link to search","search-hide-matches-text":"Hide additional matches","search-more-match-text":"more match in this document","search-more-matches-text":"more matches in this document","search-clear-button-title":"Clear","search-detached-cancel-button-title":"Cancel","search-submit-button-title":"Submit","search-label":"Search","toggle-section":"Toggle section","toggle-sidebar":"Toggle sidebar navigation","toggle-dark-mode":"Toggle dark mode","toggle-reader-mode":"Toggle reader mode","toggle-navigation":"Toggle navigation","crossref-fig-title":"Figure","crossref-tbl-title":"Table","crossref-lst-title":"Listing","crossref-thm-title":"Theorem","crossref-lem-title":"Lemma","crossref-cor-title":"Corollary","crossref-prp-title":"Proposition","crossref-cnj-title":"Conjecture","crossref-def-title":"Definition","crossref-exm-title":"Example","crossref-exr-title":"Exercise","crossref-ch-prefix":"Chapter","crossref-apx-prefix":"Appendix","crossref-sec-prefix":"Section","crossref-eq-prefix":"Equation","crossref-lof-title":"List of Figures","crossref-lot-title":"List of Tables","crossref-lol-title":"List of Listings","environment-proof-title":"Proof","environment-remark-title":"Remark","environment-solution-title":"Solution","listing-page-order-by":"Order By","listing-page-order-by-default":"Default","listing-page-order-by-date-asc":"Oldest","listing-page-order-by-date-desc":"Newest","listing-page-order-by-number-desc":"High to Low","listing-page-order-by-number-asc":"Low to High","listing-page-field-date":"Date","listing-page-field-title":"Title","listing-page-field-description":"Description","listing-page-field-author":"Author","listing-page-field-filename":"File Name","listing-page-field-filemodified":"Modified","listing-page-field-subtitle":"Subtitle","listing-page-field-readingtime":"Reading Time","listing-page-field-categories":"Categories","listing-page-minutes-compact":"{0} min","listing-page-category-all":"All","listing-page-no-matches":"No matching items"},"metadata":{"lang":"en","fig-responsive":true,"quarto-version":"1.3.450","theme":"minty","title":"Data Gathering"},"extensions":{"book":{"multiFile":true}}}},"projectFormats":["html"]}