{"title":"Dimensionality Reduction","markdown":{"yaml":{"title":"Dimensionality Reduction"},"headingText":"cdc_naive = cdc[['group', 'subgroup', 'value', 'key']]","containsRefs":false,"markdown":"\n\n```{python}\n#| echo: false\n#| warning: false\n#| code-fold: true\n#| code-show: \"Libraries\"\n\nimport pandas as pd\nimport seaborn as sns \nimport numpy as np\nimport matplotlib.pyplot as plt\n\nimport json\nfrom sklearn.metrics import silhouette_samples, silhouette_score\nfrom sklearn.datasets import load_digits\nfrom sklearn.manifold import TSNE\nfrom sklearn.preprocessing import StandardScaler\nfrom sklearn.decomposition import PCA\n```\n\n\n```{python}\n#| echo: false\n\n#Feeding in the record label data \n\nharvard_covid = pd.read_csv(\"../../data/01-modified-data/harvard_long_covid_cleaned.csv\")\n# cdc_naive['group'] = cdc_naive['group'].astype('category').cat.codes\n# cdc_naive['subgroup'] = cdc_naive['subgroup'].astype('category').cat.codes\n```\n\n\n## Project proposal\n\nWhat is the purpose of dimensionality reduction?\n: In unsupervised learning, many times the dimensions of the dataset at hand are essential to predicting labels. Thus, dimensionality reduction is used in order to fine-tune and eliminate unnecessary representations of dimensions in the data. This could mean reducing the number of dimensions based on autocorrelation or creating new dimensions based on closeness or variance in the data. We'll be utilizing the technics of both PCA and t-SNE in order to perform dimensionality reduction on Long Covid symptoms. \n\nWhat is the data that we can using dimensionality reduction on? What are its factors? \n: The data above is polling data catered by Harvard University from Long Covid patients. The data is information on the individuals demographics, covid status, hospitalization information, and a plethora of questions regarding what symptoms they've experienced as a Long Covid patient. As I mentioned in [data cleaning](https://shriya-chinthak.georgetown.domains/DSAN_5000/data-cleaning.html), the cleaned data contains 39 variables on symptoms that were recorded from Long Covid patients. Thus, in order to identify the correct number of symptoms needed to predict whether the person had severe enough Long Covid symptoms that they required hospitalization; we will use dimensionality reduction.  \n\nWhat is our desired output from the dimensionality reduction? \n: Our purpose is to identify a reduced set of relevant features or symptoms that are most informative in predicting whether a Long Covid patient had severe symptoms requiring hospitalization. This reduction in dimension can increase the predictive ability of an unsupervised model as well. \n\n## Code Implementation and Report\n*Below, you'll find both code and explanation regarding PCA and t-SNE dimensionality reduction*\n\n### Dimensionality Reduction with PCA\n\nUsing PCA, one hopes to efficiently distill the multitude of Long Covid symptoms recorded by Harvard University into a concise set of influential dimensions, facilitating the prediction of severe cases requiring hospitalization. PCA removes highly autocorrelated variables while trying to maintain the original data's variance. \n\nIn the code below, PCA is applied to the X variables, with the number of components set to 39 initially. The subsequent step involves visualizing the results for different numbers of components. Through this exploration, it is observed that using 25 components appears to strike a balance between preserving data variance and reducing dimensionality. Beyond this point, the explained variance starts to plateau, suggesting diminishing returns in terms of information retained.\n\nAfter determining that 25 components offer an optimal compromise, a second PCA is executed with the chosen number of components. The resulting graph illustrates the distribution of individuals in the reduced-dimensional space. Unfortunately, despite the successful reduction in dimensionality, the challenge arises when attempting to visually incorporate the hospitalization labels. As PCA operates solely on the input features (X variables), the original labels might not be clearly discernible in the reduced-dimensional scatter plot.\n\n::: {.panel-tabset}\n\n## Component Plot\n\n```{python}\n#| message: false\n#| warning: false\n#| code-fold: true\n#| eval: false\n\nX = harvard_covid.loc[:, 'kidney':'anxietydepression']\n\nY = harvard_covid['hospital_admission'].astype('category')\n\n# Standardize the data\nscaler = StandardScaler()\nX_transform = scaler.fit_transform(X)\n\nn_components_test = len(X.columns)\n\npca = PCA(n_components = n_components_test)\nX_pca = pca.fit_transform(X_transform)\n\nplt.plot(range(1, len(pca.explained_variance_ratio_) + 1), np.cumsum(pca.explained_variance_ratio_))\n\n# Add a cross at x = 25\nthreshold_component = 25\nthreshold_variance = np.cumsum(pca.explained_variance_ratio_)[threshold_component - 1]\nplt.scatter(threshold_component, threshold_variance, marker='x', c='red', label=f'Component {threshold_component}')\n\nplt.xlabel('Number of Components')\nplt.ylabel('Cumulative Explained Variance')\nplt.legend()\nplt.show()\n```\n\n![](images/pca_graph.png){width=100% fig-align='center'}\n\n## Clustering\n\n```{python}\n#| message: false\n#| warning: false\n#| code-fold: true\n#| eval: false\nX = harvard_covid.loc[:, 'kidney':'anxietydepression']\n\nY = harvard_covid['hospital_admission'].astype('category')\n\nY , _ = pd.factorize(harvard_covid['hospital_admission'])\nY_label = Y.astype(int)\n\n# Standardize the data\nscaler = StandardScaler()\nX_transform = scaler.fit_transform(X)\n\nn_components = 25\n\npca = PCA(n_components = n_components)\nX_pca = pca.fit_transform(X_transform)\n\nresults = pd.DataFrame({'X1': X_pca[:, 0], 'X2': X_pca[:, 1], 'Y': Y_label})\nresults\n\nplt.scatter(x = results['X1'], y = results['X2'], c=Y_label)\n```\n\n![](images/pca_cluster.png){width=100% fig-align='center'}\n\n\n:::\n\n### Dimensionality Reduction with t-SNE\n\nt-Distributed Stochastic Neighbor Embedding (t-SNE) stands as an alternative dimensionality reduction technique, distinct from PCA. While PCA aims to maintain the variance of the original data, t-SNE prioritizes preserving local similarities within the data. In scenarios where PCA might struggle to provide meaningful reductions for clustering purposes, t-SNE becomes an appealing option.\n\nAs we saw above, PCA was not able to provide a meaningful reduction for clustering purposes. Thus, we will check whether if this true for the local approach found in t-SNE.\n\nThe implementation of t-SNE is straightforward, involving the use of standardized X values to fit and transform the t-SNE model. The resulting scatterplot visually displays the distribution of data points in the reduced-dimensional space. However, in the described scenario, the scatterplot illustrates a poor clustering in relation to the hospitalization labels.\n\nObservations from the scatterplot include the majority of \"no\" responses (shown in purple) being concentrated at the top of the scatterplot, while the 'yes' labels (shown in yellow) are positioned right on top, particularly when the perplexity is set to 30. Perplexity is a hyperparameter in t-SNE that controls the balance between preserving global and local aspects of the data.\n\nFurther exploration involves testing different perplexity values, such as 10 and 15. However, these variations result in poor clustering approaches, where visually, the dimensions in the data after t-SNE are not distinct enough for sensible classification or machine learning techniques.\n\n\n::: {.panel-tabset}\n\n## Perplexity = 30 \n```{python}\n#| message: false\n#| warning: false\n#| code-fold: true\n#| eval: false\n\nX = harvard_covid.loc[:, 'kidney':'anxietydepression']\n\nY = harvard_covid['hospital_admission'].astype('category')\n\nY , _ = pd.factorize(harvard_covid['hospital_admission'])\nY_label = Y.astype(int)\n\nscaler = StandardScaler()\nX_transform = scaler.fit_transform(X)\n\nperplexity = 30\n\ntsne = TSNE(n_components=2, learning_rate='auto', init='random', perplexity=perplexity, random_state=42)\n\ntsne_2019 = tsne.fit_transform(X_transform)\n\nscatter_tsne_2019 = plt.scatter(tsne_2019[:,0],tsne_2019[:,1], c=Y_label, alpha=0.5)\nplt.title(\"TSNE Unsupervised Dimension Clustering (30)\")\n```\n\n![](images/tsne_30.png){width=100% fig-align='center'}\n\n\n## Perplexity = 10 \n```{python}\n#| message: false\n#| warning: false\n#| code-fold: true\n#| eval: false\nperplexity = 10\n\ntsne = TSNE(n_components=2, learning_rate='auto', init='random', perplexity=perplexity, random_state=42)\n\ntsne_2019 = tsne.fit_transform(X_transform)\n\nscatter_tsne_2019 = plt.scatter(tsne_2019[:,0],tsne_2019[:,1], c=Y_label, alpha=0.5)\nplt.title(\"TSNE Unsupervised Dimension Clustering (10)\")\n```\n\n![](images/tsne_10.png){width=100% fig-align='center'}\n\n## Perplexity = 15 \n```{python}\n#| message: false\n#| warning: false\n#| code-fold: true\n#| eval: false\nperplexity = 15\n\ntsne = TSNE(n_components=2, learning_rate='auto', init='random', perplexity=perplexity, random_state=42)\n\ntsne_2019 = tsne.fit_transform(X_transform)\n\nscatter_tsne_2019 = plt.scatter(tsne_2019[:,0],tsne_2019[:,1], c=Y_label, alpha=0.5)\nplt.title(\"TSNE Unsupervised Dimension Clustering (15)\")\n```\n\n![](images/tsne_15.png){width=100% fig-align='center'}\n\n:::\n\nWhen comparing the two dimensionaltiy reduction techinques, PCA seems to be the better option of the two for classification due to the smaller number of clusters as well as a better identification of the varibale spread. ","srcMarkdownNoYaml":"\n\n```{python}\n#| echo: false\n#| warning: false\n#| code-fold: true\n#| code-show: \"Libraries\"\n\nimport pandas as pd\nimport seaborn as sns \nimport numpy as np\nimport matplotlib.pyplot as plt\n\nimport json\nfrom sklearn.metrics import silhouette_samples, silhouette_score\nfrom sklearn.datasets import load_digits\nfrom sklearn.manifold import TSNE\nfrom sklearn.preprocessing import StandardScaler\nfrom sklearn.decomposition import PCA\n```\n\n\n```{python}\n#| echo: false\n\n#Feeding in the record label data \n\nharvard_covid = pd.read_csv(\"../../data/01-modified-data/harvard_long_covid_cleaned.csv\")\n# cdc_naive = cdc[['group', 'subgroup', 'value', 'key']]\n# cdc_naive['group'] = cdc_naive['group'].astype('category').cat.codes\n# cdc_naive['subgroup'] = cdc_naive['subgroup'].astype('category').cat.codes\n```\n\n\n## Project proposal\n\nWhat is the purpose of dimensionality reduction?\n: In unsupervised learning, many times the dimensions of the dataset at hand are essential to predicting labels. Thus, dimensionality reduction is used in order to fine-tune and eliminate unnecessary representations of dimensions in the data. This could mean reducing the number of dimensions based on autocorrelation or creating new dimensions based on closeness or variance in the data. We'll be utilizing the technics of both PCA and t-SNE in order to perform dimensionality reduction on Long Covid symptoms. \n\nWhat is the data that we can using dimensionality reduction on? What are its factors? \n: The data above is polling data catered by Harvard University from Long Covid patients. The data is information on the individuals demographics, covid status, hospitalization information, and a plethora of questions regarding what symptoms they've experienced as a Long Covid patient. As I mentioned in [data cleaning](https://shriya-chinthak.georgetown.domains/DSAN_5000/data-cleaning.html), the cleaned data contains 39 variables on symptoms that were recorded from Long Covid patients. Thus, in order to identify the correct number of symptoms needed to predict whether the person had severe enough Long Covid symptoms that they required hospitalization; we will use dimensionality reduction.  \n\nWhat is our desired output from the dimensionality reduction? \n: Our purpose is to identify a reduced set of relevant features or symptoms that are most informative in predicting whether a Long Covid patient had severe symptoms requiring hospitalization. This reduction in dimension can increase the predictive ability of an unsupervised model as well. \n\n## Code Implementation and Report\n*Below, you'll find both code and explanation regarding PCA and t-SNE dimensionality reduction*\n\n### Dimensionality Reduction with PCA\n\nUsing PCA, one hopes to efficiently distill the multitude of Long Covid symptoms recorded by Harvard University into a concise set of influential dimensions, facilitating the prediction of severe cases requiring hospitalization. PCA removes highly autocorrelated variables while trying to maintain the original data's variance. \n\nIn the code below, PCA is applied to the X variables, with the number of components set to 39 initially. The subsequent step involves visualizing the results for different numbers of components. Through this exploration, it is observed that using 25 components appears to strike a balance between preserving data variance and reducing dimensionality. Beyond this point, the explained variance starts to plateau, suggesting diminishing returns in terms of information retained.\n\nAfter determining that 25 components offer an optimal compromise, a second PCA is executed with the chosen number of components. The resulting graph illustrates the distribution of individuals in the reduced-dimensional space. Unfortunately, despite the successful reduction in dimensionality, the challenge arises when attempting to visually incorporate the hospitalization labels. As PCA operates solely on the input features (X variables), the original labels might not be clearly discernible in the reduced-dimensional scatter plot.\n\n::: {.panel-tabset}\n\n## Component Plot\n\n```{python}\n#| message: false\n#| warning: false\n#| code-fold: true\n#| eval: false\n\nX = harvard_covid.loc[:, 'kidney':'anxietydepression']\n\nY = harvard_covid['hospital_admission'].astype('category')\n\n# Standardize the data\nscaler = StandardScaler()\nX_transform = scaler.fit_transform(X)\n\nn_components_test = len(X.columns)\n\npca = PCA(n_components = n_components_test)\nX_pca = pca.fit_transform(X_transform)\n\nplt.plot(range(1, len(pca.explained_variance_ratio_) + 1), np.cumsum(pca.explained_variance_ratio_))\n\n# Add a cross at x = 25\nthreshold_component = 25\nthreshold_variance = np.cumsum(pca.explained_variance_ratio_)[threshold_component - 1]\nplt.scatter(threshold_component, threshold_variance, marker='x', c='red', label=f'Component {threshold_component}')\n\nplt.xlabel('Number of Components')\nplt.ylabel('Cumulative Explained Variance')\nplt.legend()\nplt.show()\n```\n\n![](images/pca_graph.png){width=100% fig-align='center'}\n\n## Clustering\n\n```{python}\n#| message: false\n#| warning: false\n#| code-fold: true\n#| eval: false\nX = harvard_covid.loc[:, 'kidney':'anxietydepression']\n\nY = harvard_covid['hospital_admission'].astype('category')\n\nY , _ = pd.factorize(harvard_covid['hospital_admission'])\nY_label = Y.astype(int)\n\n# Standardize the data\nscaler = StandardScaler()\nX_transform = scaler.fit_transform(X)\n\nn_components = 25\n\npca = PCA(n_components = n_components)\nX_pca = pca.fit_transform(X_transform)\n\nresults = pd.DataFrame({'X1': X_pca[:, 0], 'X2': X_pca[:, 1], 'Y': Y_label})\nresults\n\nplt.scatter(x = results['X1'], y = results['X2'], c=Y_label)\n```\n\n![](images/pca_cluster.png){width=100% fig-align='center'}\n\n\n:::\n\n### Dimensionality Reduction with t-SNE\n\nt-Distributed Stochastic Neighbor Embedding (t-SNE) stands as an alternative dimensionality reduction technique, distinct from PCA. While PCA aims to maintain the variance of the original data, t-SNE prioritizes preserving local similarities within the data. In scenarios where PCA might struggle to provide meaningful reductions for clustering purposes, t-SNE becomes an appealing option.\n\nAs we saw above, PCA was not able to provide a meaningful reduction for clustering purposes. Thus, we will check whether if this true for the local approach found in t-SNE.\n\nThe implementation of t-SNE is straightforward, involving the use of standardized X values to fit and transform the t-SNE model. The resulting scatterplot visually displays the distribution of data points in the reduced-dimensional space. However, in the described scenario, the scatterplot illustrates a poor clustering in relation to the hospitalization labels.\n\nObservations from the scatterplot include the majority of \"no\" responses (shown in purple) being concentrated at the top of the scatterplot, while the 'yes' labels (shown in yellow) are positioned right on top, particularly when the perplexity is set to 30. Perplexity is a hyperparameter in t-SNE that controls the balance between preserving global and local aspects of the data.\n\nFurther exploration involves testing different perplexity values, such as 10 and 15. However, these variations result in poor clustering approaches, where visually, the dimensions in the data after t-SNE are not distinct enough for sensible classification or machine learning techniques.\n\n\n::: {.panel-tabset}\n\n## Perplexity = 30 \n```{python}\n#| message: false\n#| warning: false\n#| code-fold: true\n#| eval: false\n\nX = harvard_covid.loc[:, 'kidney':'anxietydepression']\n\nY = harvard_covid['hospital_admission'].astype('category')\n\nY , _ = pd.factorize(harvard_covid['hospital_admission'])\nY_label = Y.astype(int)\n\nscaler = StandardScaler()\nX_transform = scaler.fit_transform(X)\n\nperplexity = 30\n\ntsne = TSNE(n_components=2, learning_rate='auto', init='random', perplexity=perplexity, random_state=42)\n\ntsne_2019 = tsne.fit_transform(X_transform)\n\nscatter_tsne_2019 = plt.scatter(tsne_2019[:,0],tsne_2019[:,1], c=Y_label, alpha=0.5)\nplt.title(\"TSNE Unsupervised Dimension Clustering (30)\")\n```\n\n![](images/tsne_30.png){width=100% fig-align='center'}\n\n\n## Perplexity = 10 \n```{python}\n#| message: false\n#| warning: false\n#| code-fold: true\n#| eval: false\nperplexity = 10\n\ntsne = TSNE(n_components=2, learning_rate='auto', init='random', perplexity=perplexity, random_state=42)\n\ntsne_2019 = tsne.fit_transform(X_transform)\n\nscatter_tsne_2019 = plt.scatter(tsne_2019[:,0],tsne_2019[:,1], c=Y_label, alpha=0.5)\nplt.title(\"TSNE Unsupervised Dimension Clustering (10)\")\n```\n\n![](images/tsne_10.png){width=100% fig-align='center'}\n\n## Perplexity = 15 \n```{python}\n#| message: false\n#| warning: false\n#| code-fold: true\n#| eval: false\nperplexity = 15\n\ntsne = TSNE(n_components=2, learning_rate='auto', init='random', perplexity=perplexity, random_state=42)\n\ntsne_2019 = tsne.fit_transform(X_transform)\n\nscatter_tsne_2019 = plt.scatter(tsne_2019[:,0],tsne_2019[:,1], c=Y_label, alpha=0.5)\nplt.title(\"TSNE Unsupervised Dimension Clustering (15)\")\n```\n\n![](images/tsne_15.png){width=100% fig-align='center'}\n\n:::\n\nWhen comparing the two dimensionaltiy reduction techinques, PCA seems to be the better option of the two for classification due to the smaller number of clusters as well as a better identification of the varibale spread. "},"formats":{"html":{"identifier":{"display-name":"HTML","target-format":"html","base-format":"html"},"execute":{"fig-width":7,"fig-height":5,"fig-format":"retina","fig-dpi":96,"df-print":"default","error":false,"eval":true,"cache":null,"freeze":false,"echo":true,"output":true,"warning":true,"include":true,"keep-md":false,"keep-ipynb":false,"ipynb":null,"enabled":null,"daemon":null,"daemon-restart":false,"debug":false,"ipynb-filters":[],"engine":"jupyter"},"render":{"keep-tex":false,"keep-source":false,"keep-hidden":false,"prefer-html":false,"output-divs":true,"output-ext":"html","fig-align":"default","fig-pos":null,"fig-env":null,"code-fold":"none","code-overflow":"scroll","code-link":false,"code-line-numbers":false,"code-tools":false,"tbl-colwidths":"auto","merge-includes":true,"inline-includes":false,"preserve-yaml":false,"latex-auto-mk":true,"latex-auto-install":true,"latex-clean":true,"latex-max-runs":10,"latex-makeindex":"makeindex","latex-makeindex-opts":[],"latex-tlmgr-opts":[],"latex-input-paths":[],"latex-output-dir":null,"link-external-icon":false,"link-external-newwindow":false,"self-contained-math":false,"format-resources":[],"notebook-links":true,"format-links":true},"pandoc":{"standalone":true,"wrap":"none","default-image-extension":"png","to":"html","css":["styles.css"],"toc":true,"output-file":"dr.html"},"language":{"toc-title-document":"Table of contents","toc-title-website":"On this page","related-formats-title":"Other Formats","related-notebooks-title":"Notebooks","source-notebooks-prefix":"Source","section-title-abstract":"Abstract","section-title-appendices":"Appendices","section-title-footnotes":"Footnotes","section-title-references":"References","section-title-reuse":"Reuse","section-title-copyright":"Copyright","section-title-citation":"Citation","appendix-attribution-cite-as":"For attribution, please cite this work as:","appendix-attribution-bibtex":"BibTeX citation:","title-block-author-single":"Author","title-block-author-plural":"Authors","title-block-affiliation-single":"Affiliation","title-block-affiliation-plural":"Affiliations","title-block-published":"Published","title-block-modified":"Modified","callout-tip-title":"Tip","callout-note-title":"Note","callout-warning-title":"Warning","callout-important-title":"Important","callout-caution-title":"Caution","code-summary":"Code","code-tools-menu-caption":"Code","code-tools-show-all-code":"Show All Code","code-tools-hide-all-code":"Hide All Code","code-tools-view-source":"View Source","code-tools-source-code":"Source Code","code-line":"Line","code-lines":"Lines","copy-button-tooltip":"Copy to Clipboard","copy-button-tooltip-success":"Copied!","repo-action-links-edit":"Edit this page","repo-action-links-source":"View source","repo-action-links-issue":"Report an issue","back-to-top":"Back to top","search-no-results-text":"No results","search-matching-documents-text":"matching documents","search-copy-link-title":"Copy link to search","search-hide-matches-text":"Hide additional matches","search-more-match-text":"more match in this document","search-more-matches-text":"more matches in this document","search-clear-button-title":"Clear","search-detached-cancel-button-title":"Cancel","search-submit-button-title":"Submit","search-label":"Search","toggle-section":"Toggle section","toggle-sidebar":"Toggle sidebar navigation","toggle-dark-mode":"Toggle dark mode","toggle-reader-mode":"Toggle reader mode","toggle-navigation":"Toggle navigation","crossref-fig-title":"Figure","crossref-tbl-title":"Table","crossref-lst-title":"Listing","crossref-thm-title":"Theorem","crossref-lem-title":"Lemma","crossref-cor-title":"Corollary","crossref-prp-title":"Proposition","crossref-cnj-title":"Conjecture","crossref-def-title":"Definition","crossref-exm-title":"Example","crossref-exr-title":"Exercise","crossref-ch-prefix":"Chapter","crossref-apx-prefix":"Appendix","crossref-sec-prefix":"Section","crossref-eq-prefix":"Equation","crossref-lof-title":"List of Figures","crossref-lot-title":"List of Tables","crossref-lol-title":"List of Listings","environment-proof-title":"Proof","environment-remark-title":"Remark","environment-solution-title":"Solution","listing-page-order-by":"Order By","listing-page-order-by-default":"Default","listing-page-order-by-date-asc":"Oldest","listing-page-order-by-date-desc":"Newest","listing-page-order-by-number-desc":"High to Low","listing-page-order-by-number-asc":"Low to High","listing-page-field-date":"Date","listing-page-field-title":"Title","listing-page-field-description":"Description","listing-page-field-author":"Author","listing-page-field-filename":"File Name","listing-page-field-filemodified":"Modified","listing-page-field-subtitle":"Subtitle","listing-page-field-readingtime":"Reading Time","listing-page-field-categories":"Categories","listing-page-minutes-compact":"{0} min","listing-page-category-all":"All","listing-page-no-matches":"No matching items"},"metadata":{"lang":"en","fig-responsive":true,"quarto-version":"1.3.450","theme":"minty","title":"Dimensionality Reduction"},"extensions":{"book":{"multiFile":true}}}},"projectFormats":["html"]}