{"title":"Long Covid Symptoms - UK","markdown":{"yaml":{"title":"Long Covid Symptoms - UK"},"headingText":"Naive Bayes:","containsRefs":false,"markdown":"\n\n\n\nThus far, we can see some of the important columns to take a further look at are `group`, `subgroup`, `value`, and `key`. Firstly, let's look at the distribution of the value (percent having Long Covid based on the key's defintion) grouped by each key. \n\nFrom the boxplots, we can see that the distibution across keys is varying, with the highest percentage going to key 6, representing the percentage of adults with any activity limitations from long Covid who also currently have long Covid. The lowest range of values goes to key 9, which represents the percentage of adults of significant activity limitations. \n\nThus, to understand this data further, we'll take a look at the additional groups affected by Long Covid in a number of ways. \n\nLet's take a look at the data through each group and it's given sugroups. Primarily, ammongst all Long Covid patients surveyed through the CDC, we can see that the largest age group surveyed was those age 40-49. Additionally, more females responded to the survey than males. In terms of gender and sexuality, cis-gender females and transgender people had a higher experience with long Covid than cis-gender males and bisexual individuals had a greater percentage of long covid experiences. A few other things to note, those in the category \"non-hsopanic, other races and multiple races\" were highest amongst the ethnicity demographics and not suprisingly, the highest disparity amongst the subcategories was between those who were disabled verses not disabled. Those with a disability had a 12.2% increase in long covid experiences than those who do not have a disability. The is very important to understanding Long Covid, as it has been known to effect those with disabilities more than it say with non-immunocompromised people. \n\nLastly, we'll take a look at the overall distributions for each key value in order to understand the survey in greater detail. \n\nFor all subgroups and the dataset as a whole, we can see that the distributions are all rightly skewed. This indicates that most of the percentages collected all fell closer to zero. Since this dataset is heavily filled with categorical data, we will try to develop a way to pear down the features through naive bayes analysis and feature selection within the next section. \n\n\n\n\nThe following dataset was measured to UK survey and app data regarding symptoms tracked for patients with Long Covid. In order to undertsand the distribution of the data and track the symptoms over time, we can take a look at the following. \n\nSome important features to look at in the data set are symptom, which are the symptoms people tracked in the survey, domain and group, which act similarly to the group and subgroup from the CDC data, and estimate, which is the corresponding percentage of the those who filled out the survey. If we to extrapolate from the survey data, we could also use the lower and upper confidence boundaries. \n\nIn order to understand the dataset and the symptoms, lets take a look at the symptoms for all people that filled out the survey. \n\n---\n\n\nwe'll use CDC for record data \n\nLet's take a look at the classification report for out model\n","srcMarkdownNoYaml":"\n\n\n\nThus far, we can see some of the important columns to take a further look at are `group`, `subgroup`, `value`, and `key`. Firstly, let's look at the distribution of the value (percent having Long Covid based on the key's defintion) grouped by each key. \n\nFrom the boxplots, we can see that the distibution across keys is varying, with the highest percentage going to key 6, representing the percentage of adults with any activity limitations from long Covid who also currently have long Covid. The lowest range of values goes to key 9, which represents the percentage of adults of significant activity limitations. \n\nThus, to understand this data further, we'll take a look at the additional groups affected by Long Covid in a number of ways. \n\nLet's take a look at the data through each group and it's given sugroups. Primarily, ammongst all Long Covid patients surveyed through the CDC, we can see that the largest age group surveyed was those age 40-49. Additionally, more females responded to the survey than males. In terms of gender and sexuality, cis-gender females and transgender people had a higher experience with long Covid than cis-gender males and bisexual individuals had a greater percentage of long covid experiences. A few other things to note, those in the category \"non-hsopanic, other races and multiple races\" were highest amongst the ethnicity demographics and not suprisingly, the highest disparity amongst the subcategories was between those who were disabled verses not disabled. Those with a disability had a 12.2% increase in long covid experiences than those who do not have a disability. The is very important to understanding Long Covid, as it has been known to effect those with disabilities more than it say with non-immunocompromised people. \n\nLastly, we'll take a look at the overall distributions for each key value in order to understand the survey in greater detail. \n\nFor all subgroups and the dataset as a whole, we can see that the distributions are all rightly skewed. This indicates that most of the percentages collected all fell closer to zero. Since this dataset is heavily filled with categorical data, we will try to develop a way to pear down the features through naive bayes analysis and feature selection within the next section. \n\n\n\n\nThe following dataset was measured to UK survey and app data regarding symptoms tracked for patients with Long Covid. In order to undertsand the distribution of the data and track the symptoms over time, we can take a look at the following. \n\nSome important features to look at in the data set are symptom, which are the symptoms people tracked in the survey, domain and group, which act similarly to the group and subgroup from the CDC data, and estimate, which is the corresponding percentage of the those who filled out the survey. If we to extrapolate from the survey data, we could also use the lower and upper confidence boundaries. \n\nIn order to understand the dataset and the symptoms, lets take a look at the symptoms for all people that filled out the survey. \n\n---\n\n## Naive Bayes: \n\nwe'll use CDC for record data \n\nLet's take a look at the classification report for out model\n"},"formats":{"html":{"identifier":{"display-name":"HTML","target-format":"html","base-format":"html"},"execute":{"fig-width":7,"fig-height":5,"fig-format":"retina","fig-dpi":96,"df-print":"default","error":false,"eval":true,"cache":null,"freeze":false,"echo":true,"output":true,"warning":true,"include":true,"keep-md":false,"keep-ipynb":false,"ipynb":null,"enabled":false,"daemon":null,"daemon-restart":false,"debug":false,"ipynb-filters":[],"engine":"jupyter"},"render":{"keep-tex":false,"keep-source":false,"keep-hidden":false,"prefer-html":false,"output-divs":true,"output-ext":"html","fig-align":"default","fig-pos":null,"fig-env":null,"code-fold":"none","code-overflow":"scroll","code-link":false,"code-line-numbers":false,"code-tools":false,"tbl-colwidths":"auto","merge-includes":true,"inline-includes":false,"preserve-yaml":false,"latex-auto-mk":true,"latex-auto-install":true,"latex-clean":true,"latex-max-runs":10,"latex-makeindex":"makeindex","latex-makeindex-opts":[],"latex-tlmgr-opts":[],"latex-input-paths":[],"latex-output-dir":null,"link-external-icon":false,"link-external-newwindow":false,"self-contained-math":false,"format-resources":[],"notebook-links":true,"format-links":true},"pandoc":{"standalone":true,"wrap":"none","default-image-extension":"png","to":"html","css":["styles.css"],"toc":true,"output-file":"eda-code.html"},"language":{"toc-title-document":"Table of contents","toc-title-website":"On this page","related-formats-title":"Other Formats","related-notebooks-title":"Notebooks","source-notebooks-prefix":"Source","section-title-abstract":"Abstract","section-title-appendices":"Appendices","section-title-footnotes":"Footnotes","section-title-references":"References","section-title-reuse":"Reuse","section-title-copyright":"Copyright","section-title-citation":"Citation","appendix-attribution-cite-as":"For attribution, please cite this work as:","appendix-attribution-bibtex":"BibTeX citation:","title-block-author-single":"Author","title-block-author-plural":"Authors","title-block-affiliation-single":"Affiliation","title-block-affiliation-plural":"Affiliations","title-block-published":"Published","title-block-modified":"Modified","callout-tip-title":"Tip","callout-note-title":"Note","callout-warning-title":"Warning","callout-important-title":"Important","callout-caution-title":"Caution","code-summary":"Code","code-tools-menu-caption":"Code","code-tools-show-all-code":"Show All Code","code-tools-hide-all-code":"Hide All Code","code-tools-view-source":"View Source","code-tools-source-code":"Source Code","code-line":"Line","code-lines":"Lines","copy-button-tooltip":"Copy to Clipboard","copy-button-tooltip-success":"Copied!","repo-action-links-edit":"Edit this page","repo-action-links-source":"View source","repo-action-links-issue":"Report an issue","back-to-top":"Back to top","search-no-results-text":"No results","search-matching-documents-text":"matching documents","search-copy-link-title":"Copy link to search","search-hide-matches-text":"Hide additional matches","search-more-match-text":"more match in this document","search-more-matches-text":"more matches in this document","search-clear-button-title":"Clear","search-detached-cancel-button-title":"Cancel","search-submit-button-title":"Submit","search-label":"Search","toggle-section":"Toggle section","toggle-sidebar":"Toggle sidebar navigation","toggle-dark-mode":"Toggle dark mode","toggle-reader-mode":"Toggle reader mode","toggle-navigation":"Toggle navigation","crossref-fig-title":"Figure","crossref-tbl-title":"Table","crossref-lst-title":"Listing","crossref-thm-title":"Theorem","crossref-lem-title":"Lemma","crossref-cor-title":"Corollary","crossref-prp-title":"Proposition","crossref-cnj-title":"Conjecture","crossref-def-title":"Definition","crossref-exm-title":"Example","crossref-exr-title":"Exercise","crossref-ch-prefix":"Chapter","crossref-apx-prefix":"Appendix","crossref-sec-prefix":"Section","crossref-eq-prefix":"Equation","crossref-lof-title":"List of Figures","crossref-lot-title":"List of Tables","crossref-lol-title":"List of Listings","environment-proof-title":"Proof","environment-remark-title":"Remark","environment-solution-title":"Solution","listing-page-order-by":"Order By","listing-page-order-by-default":"Default","listing-page-order-by-date-asc":"Oldest","listing-page-order-by-date-desc":"Newest","listing-page-order-by-number-desc":"High to Low","listing-page-order-by-number-asc":"Low to High","listing-page-field-date":"Date","listing-page-field-title":"Title","listing-page-field-description":"Description","listing-page-field-author":"Author","listing-page-field-filename":"File Name","listing-page-field-filemodified":"Modified","listing-page-field-subtitle":"Subtitle","listing-page-field-readingtime":"Reading Time","listing-page-field-categories":"Categories","listing-page-minutes-compact":"{0} min","listing-page-category-all":"All","listing-page-no-matches":"No matching items"},"metadata":{"lang":"en","fig-responsive":true,"quarto-version":"1.3.450","theme":"minty","title":"Long Covid Symptoms - UK"},"extensions":{"book":{"multiFile":true}}}},"projectFormats":["html"]}