{"title":"Introduction","markdown":{"yaml":{"title":"Introduction","bibliography":"references.bib"},"headingText":"Summary of Long Covid","containsRefs":false,"markdown":"\n<h1 style=\"text-align: center;\">Long Covid</h1>\n![](images/long-covid.png){width=90% fig-align=\"center\"} \n\n\nCOVID-19, the infectious disease originating from the SARS-Cov-2 virus, was declared a global pandemic in March of 2020. As the illness spread, affecting thousands of people worldwide, a multitude of individuals started reporting lasting symptoms after being cleared of the disease. These varying degrees of symptoms after an extended period of time can be classified as **long covid**. Specifically, “Long COVID is an often debilitating illness that occurs in at least 10% of severe acute respiratory syndrome coronavirus 2” @Davis2023. Those who have reported long covid face a variety of symptoms ranging from heart, lung, pancreas, immune, and neurological diseases, as well as chronic illnesses. Additionally, those in existing vulnerability groups such as those with type two diabetes, those of the female sex, and those with an autoimmune disease to name a few, are also more susceptible to long covid @Davis2023. \n\n## Why is it Important?\n\nThe study and analysis of long covid across demographics in the United States is vital due to the recency of the pandemic as well as the lack of outreach and knowledge regarding this topic. It is both the biomedical community as well as the public that currently have little knowledge about long covid, the possible symptoms, the vulnerable groups, and the current research in the field @Sudre2021.\n\n## Why should you continue reading?\n\nGiven the lack of public knowledge and the widespread impending issue of managing the lasting effects of COVID-19, the study of long covid is essential now more than ever. At the moment, the scientific research in this area is still new and developing, meaning that findings have not made headway for the general audiences. Additionally, there have been very few social science perspectives published regarding the impact of long covid symptoms on the people’s lives, the coverage of this illness in the public health and government sectors, or the conversations surrounding this topic in the media. These are topics of conversation which this project hopes to uncover.  \n\n## Past works:\n\nAs previously mentioned, there is still limited research published surrounding long covid in academic and scientific journals. However, the current published works provide a plethora of information surrounding noted symptoms, sentiments on long covid, and more. \n\nThe authors of *Long COVID: major findings, mechanisms and recommendations* compiled the findings of several COVID-19 research papers as well as collected data from long covid researchers and clinics in order to create a list of long covid symptoms. Additionally, the authors noted a few challenges in their collection process, one of those being the lack of uniformity in testing, especially during the early stages of COVID-19. They also noted that several non-respiratory symptoms go unlabeled as potential long covid symptoms due to the narrative that COVID is only a respiratory illness @Davis2023. With that being said, the work of @Davis2023 on the topic provides a strong base understanding of long covid and the future research that is needed. \n\nIn conjunction with the previous research, the authors of *Attributes and predictors of long COVID* continued research on the documented symptoms of long covid across multiple demographics (age, race, location, sex, etc.) and created a random forest predictive model in order to make predictions on symptoms on specific demographics. The primary source of their data was from “The COVID Symptom Study is a mobile application” which allows users to self-report “daily information on their health status and symptoms, as well as results of any available COVID-19 test” @Sudre2021. Thus, while they were able to provide an extensive analysis of symptoms, this data is only a small subset of the population using the application. \n\n## What am I exploring?\n\nFor this project, I would like to focus on creating a succinct understanding of long covid, the demographics affected, and the current knowledge base and media presence in order to provide this information to the public. Through data gathering, exploratory analysis, visualizations, modeling, and text analysis, I plan to answer a myriad of questions surrounding long covid and present the current information base in a way that is transparent and accessible. \n\n## Questions to Address:\n\n1. How does gender and age affect one’s chances of experiencing long covid symptoms? \n\n2. Does pre-existing chronic illnesses make one more prone to experiencing long covid symptoms?\n\n3. In what ways does race affect the persistence of long covid symptoms? \n\n4. How might the existing research on long covid symptoms be skewed to the discussion of respiratory illnesses? \n\n5. What is the most common collection of symptoms present in someone with long covid? \n\n6. What is the sentiment of current media on the topic of long covid? \n\n7. Is the sentiment on long covid in the media negative is comparison to other infectious diseases? \n\n8. What symptoms are highly correlated with each other?\n\n9. Can symptoms be used to predict a patient's demographic information? \n\n10. What is the government opinion on the state of long covid research/information through their public responses? \n\n## Goals and Hypotheses:\nThrough this study of long covid across a multitude of demographics, I hope to answer the above questions as well as provide a concise and coherent way to view information on long covid. \n\nAs of now, I would say that minority and marginalized communities are grappling with heightened and more prolonged experiences of long COVID. This stems from the accessible public information tailored to these populations, a lack of education targeted at addressing their specific needs, and a notable absence of government assistance for individuals struggling with chronic health issues resulting from the enduring effects of COVID-19. The amalgamation of these factors appears to contribute to a scenario where these already disadvantaged groups encounter more pronounced challenges in coping with the aftermath of the pandemic.\n\n","srcMarkdownNoYaml":"\n<h1 style=\"text-align: center;\">Long Covid</h1>\n![](images/long-covid.png){width=90% fig-align=\"center\"} \n\n## Summary of Long Covid\n\nCOVID-19, the infectious disease originating from the SARS-Cov-2 virus, was declared a global pandemic in March of 2020. As the illness spread, affecting thousands of people worldwide, a multitude of individuals started reporting lasting symptoms after being cleared of the disease. These varying degrees of symptoms after an extended period of time can be classified as **long covid**. Specifically, “Long COVID is an often debilitating illness that occurs in at least 10% of severe acute respiratory syndrome coronavirus 2” @Davis2023. Those who have reported long covid face a variety of symptoms ranging from heart, lung, pancreas, immune, and neurological diseases, as well as chronic illnesses. Additionally, those in existing vulnerability groups such as those with type two diabetes, those of the female sex, and those with an autoimmune disease to name a few, are also more susceptible to long covid @Davis2023. \n\n## Why is it Important?\n\nThe study and analysis of long covid across demographics in the United States is vital due to the recency of the pandemic as well as the lack of outreach and knowledge regarding this topic. It is both the biomedical community as well as the public that currently have little knowledge about long covid, the possible symptoms, the vulnerable groups, and the current research in the field @Sudre2021.\n\n## Why should you continue reading?\n\nGiven the lack of public knowledge and the widespread impending issue of managing the lasting effects of COVID-19, the study of long covid is essential now more than ever. At the moment, the scientific research in this area is still new and developing, meaning that findings have not made headway for the general audiences. Additionally, there have been very few social science perspectives published regarding the impact of long covid symptoms on the people’s lives, the coverage of this illness in the public health and government sectors, or the conversations surrounding this topic in the media. These are topics of conversation which this project hopes to uncover.  \n\n## Past works:\n\nAs previously mentioned, there is still limited research published surrounding long covid in academic and scientific journals. However, the current published works provide a plethora of information surrounding noted symptoms, sentiments on long covid, and more. \n\nThe authors of *Long COVID: major findings, mechanisms and recommendations* compiled the findings of several COVID-19 research papers as well as collected data from long covid researchers and clinics in order to create a list of long covid symptoms. Additionally, the authors noted a few challenges in their collection process, one of those being the lack of uniformity in testing, especially during the early stages of COVID-19. They also noted that several non-respiratory symptoms go unlabeled as potential long covid symptoms due to the narrative that COVID is only a respiratory illness @Davis2023. With that being said, the work of @Davis2023 on the topic provides a strong base understanding of long covid and the future research that is needed. \n\nIn conjunction with the previous research, the authors of *Attributes and predictors of long COVID* continued research on the documented symptoms of long covid across multiple demographics (age, race, location, sex, etc.) and created a random forest predictive model in order to make predictions on symptoms on specific demographics. The primary source of their data was from “The COVID Symptom Study is a mobile application” which allows users to self-report “daily information on their health status and symptoms, as well as results of any available COVID-19 test” @Sudre2021. Thus, while they were able to provide an extensive analysis of symptoms, this data is only a small subset of the population using the application. \n\n## What am I exploring?\n\nFor this project, I would like to focus on creating a succinct understanding of long covid, the demographics affected, and the current knowledge base and media presence in order to provide this information to the public. Through data gathering, exploratory analysis, visualizations, modeling, and text analysis, I plan to answer a myriad of questions surrounding long covid and present the current information base in a way that is transparent and accessible. \n\n## Questions to Address:\n\n1. How does gender and age affect one’s chances of experiencing long covid symptoms? \n\n2. Does pre-existing chronic illnesses make one more prone to experiencing long covid symptoms?\n\n3. In what ways does race affect the persistence of long covid symptoms? \n\n4. How might the existing research on long covid symptoms be skewed to the discussion of respiratory illnesses? \n\n5. What is the most common collection of symptoms present in someone with long covid? \n\n6. What is the sentiment of current media on the topic of long covid? \n\n7. Is the sentiment on long covid in the media negative is comparison to other infectious diseases? \n\n8. What symptoms are highly correlated with each other?\n\n9. Can symptoms be used to predict a patient's demographic information? \n\n10. What is the government opinion on the state of long covid research/information through their public responses? \n\n## Goals and Hypotheses:\nThrough this study of long covid across a multitude of demographics, I hope to answer the above questions as well as provide a concise and coherent way to view information on long covid. \n\nAs of now, I would say that minority and marginalized communities are grappling with heightened and more prolonged experiences of long COVID. This stems from the accessible public information tailored to these populations, a lack of education targeted at addressing their specific needs, and a notable absence of government assistance for individuals struggling with chronic health issues resulting from the enduring effects of COVID-19. The amalgamation of these factors appears to contribute to a scenario where these already disadvantaged groups encounter more pronounced challenges in coping with the aftermath of the pandemic.\n\n"},"formats":{"html":{"identifier":{"display-name":"HTML","target-format":"html","base-format":"html"},"execute":{"fig-width":7,"fig-height":5,"fig-format":"retina","fig-dpi":96,"df-print":"default","error":false,"eval":true,"cache":null,"freeze":false,"echo":true,"output":true,"warning":true,"include":true,"keep-md":false,"keep-ipynb":false,"ipynb":null,"enabled":null,"daemon":null,"daemon-restart":false,"debug":false,"ipynb-filters":[],"engine":"markdown"},"render":{"keep-tex":false,"keep-source":false,"keep-hidden":false,"prefer-html":false,"output-divs":true,"output-ext":"html","fig-align":"default","fig-pos":null,"fig-env":null,"code-fold":"none","code-overflow":"scroll","code-link":false,"code-line-numbers":false,"code-tools":false,"tbl-colwidths":"auto","merge-includes":true,"inline-includes":false,"preserve-yaml":false,"latex-auto-mk":true,"latex-auto-install":true,"latex-clean":true,"latex-max-runs":10,"latex-makeindex":"makeindex","latex-makeindex-opts":[],"latex-tlmgr-opts":[],"latex-input-paths":[],"latex-output-dir":null,"link-external-icon":false,"link-external-newwindow":false,"self-contained-math":false,"format-resources":[],"notebook-links":true,"format-links":true},"pandoc":{"standalone":true,"wrap":"none","default-image-extension":"png","to":"html","css":["styles.css"],"toc":true,"output-file":"introduction.html"},"language":{"toc-title-document":"Table of contents","toc-title-website":"On this page","related-formats-title":"Other Formats","related-notebooks-title":"Notebooks","source-notebooks-prefix":"Source","section-title-abstract":"Abstract","section-title-appendices":"Appendices","section-title-footnotes":"Footnotes","section-title-references":"References","section-title-reuse":"Reuse","section-title-copyright":"Copyright","section-title-citation":"Citation","appendix-attribution-cite-as":"For attribution, please cite this work as:","appendix-attribution-bibtex":"BibTeX citation:","title-block-author-single":"Author","title-block-author-plural":"Authors","title-block-affiliation-single":"Affiliation","title-block-affiliation-plural":"Affiliations","title-block-published":"Published","title-block-modified":"Modified","callout-tip-title":"Tip","callout-note-title":"Note","callout-warning-title":"Warning","callout-important-title":"Important","callout-caution-title":"Caution","code-summary":"Code","code-tools-menu-caption":"Code","code-tools-show-all-code":"Show All Code","code-tools-hide-all-code":"Hide All Code","code-tools-view-source":"View Source","code-tools-source-code":"Source Code","code-line":"Line","code-lines":"Lines","copy-button-tooltip":"Copy to Clipboard","copy-button-tooltip-success":"Copied!","repo-action-links-edit":"Edit this page","repo-action-links-source":"View source","repo-action-links-issue":"Report an issue","back-to-top":"Back to top","search-no-results-text":"No results","search-matching-documents-text":"matching documents","search-copy-link-title":"Copy link to search","search-hide-matches-text":"Hide additional matches","search-more-match-text":"more match in this document","search-more-matches-text":"more matches in this document","search-clear-button-title":"Clear","search-detached-cancel-button-title":"Cancel","search-submit-button-title":"Submit","search-label":"Search","toggle-section":"Toggle section","toggle-sidebar":"Toggle sidebar navigation","toggle-dark-mode":"Toggle dark mode","toggle-reader-mode":"Toggle reader mode","toggle-navigation":"Toggle navigation","crossref-fig-title":"Figure","crossref-tbl-title":"Table","crossref-lst-title":"Listing","crossref-thm-title":"Theorem","crossref-lem-title":"Lemma","crossref-cor-title":"Corollary","crossref-prp-title":"Proposition","crossref-cnj-title":"Conjecture","crossref-def-title":"Definition","crossref-exm-title":"Example","crossref-exr-title":"Exercise","crossref-ch-prefix":"Chapter","crossref-apx-prefix":"Appendix","crossref-sec-prefix":"Section","crossref-eq-prefix":"Equation","crossref-lof-title":"List of Figures","crossref-lot-title":"List of Tables","crossref-lol-title":"List of Listings","environment-proof-title":"Proof","environment-remark-title":"Remark","environment-solution-title":"Solution","listing-page-order-by":"Order By","listing-page-order-by-default":"Default","listing-page-order-by-date-asc":"Oldest","listing-page-order-by-date-desc":"Newest","listing-page-order-by-number-desc":"High to Low","listing-page-order-by-number-asc":"Low to High","listing-page-field-date":"Date","listing-page-field-title":"Title","listing-page-field-description":"Description","listing-page-field-author":"Author","listing-page-field-filename":"File Name","listing-page-field-filemodified":"Modified","listing-page-field-subtitle":"Subtitle","listing-page-field-readingtime":"Reading Time","listing-page-field-categories":"Categories","listing-page-minutes-compact":"{0} min","listing-page-category-all":"All","listing-page-no-matches":"No matching items"},"metadata":{"lang":"en","fig-responsive":true,"quarto-version":"1.3.450","theme":"minty","title":"Introduction","bibliography":["references.bib"]},"extensions":{"book":{"multiFile":true}}}},"projectFormats":["html"]}