{"title":"Naive Bayes","markdown":{"yaml":{"title":"Naive Bayes"},"headingText":"What is Naive Bayes?","containsRefs":false,"markdown":"\n```{python}\n#| echo: false\n#| warning: false\nimport numpy as np \nimport seaborn as sns\nimport pandas as pd\nimport matplotlib.pyplot as plt\nimport scipy\nfrom scipy import stats\nimport sklearn \nimport string\nimport nltk\n\nfrom sklearn.model_selection import train_test_split\nfrom sklearn.feature_extraction.text import TfidfVectorizer \nfrom sklearn.pipeline import make_pipeline\nfrom sklearn import metrics\nfrom sklearn.naive_bayes import MultinomialNB\nfrom sklearn.naive_bayes import GaussianNB\n\nfrom sklearn.feature_extraction.text import CountVectorizer \nfrom sklearn.metrics import classification_report, accuracy_score, confusion_matrix, roc_curve, roc_auc_score\n```\n\n\n:::: {.columns}\n\n::: {.column width=\"25%\"}\n![*Fig 1*](images/naive_bayes_pic.png){fig-align=\"center\"} \n:::\n\n::: {.column width=\"5%\"}\n<!-- empty column to create gap -->\n:::\n\n::: {.column width=\"70%\"}\nNaive Bayes is a supervised classification technique used to classify data based on a training set containing existing labels. At its core, Naive Bayes is based on Bayesian statistics, or more specifically conditional probabilities. Assuming that the features used to describe the data are conditionally independent, Naive Bayes takes the provided class labels and calculates the probability by multiplying the probabilities of each feature occurring given each class. Through this conditional statement, it then chooses the class with the highest probability based on the feature values to be the predicted value. Thus, Naive Bayes heavily relies on the features being uncorrelated as well as the training data to accurately predict the data at hand. An example of using Naive Bayes in practice is detecting spam emails from an inbox, as shown in *Fig 1*. Naive Bayes would be able to use existing features from the email to determine whether it was spam or not. \n:::\n\n::::\n\nNaive Bayes is especially useful for uncertain, unknown, or incomplete information. It provides a way to estimate the likelihood of an event based on prior knowledge, making it well-suited for classification tasks. The objective of Naive Bayes classification is to accurately predict the class label of an input data point given its features.\n\nAdditionally, there are different types of Naive Bayes classifiers tailored for specific types of data. Gaussian Naive Bayes is suited for continuous data, assuming the features are normally distributed. Multinomial Naive Bayes is commonly used for text classification, specifically when dealing to word frequencies. Lastly, Bernoulli Naive Bayes is effective for binary features, making it useful for tasks like spam detection.\n\nThus, I will be using Naive Bayes (specifically Gaussian and Multinomial) in order to create classifications for both the CDC survey data as well as media coverage of long covid. Given the nature of Long Covid and its recency, Naive Bayes will be very useful in providing more insight of potentially vulnerable groups or grouping of symptoms that should be looked for in people with Long Covid. \n\n## Preparing the Data\nFirst, we'll need to prepare both the labeled text data and the labeled record data. This includes properly formatting and cleaning the data as well as breaking the dataset into train, validate, and testing sets. \n\n### Long Covid News \nTo understand the nature of long covid reporting, we will also need to take a look at the differences between long covid reporting and the reporting of other illnesses or diseases. Thus, let's head back to the News dataset containing news articles from the web for the past month with the key works \"Long Covid\", \"Influeza\", and \"Chickenpox\". As we can concluded in our sentiment analysis, the articles written regarding Long Covid are, in fact, more neutral in comparison to the other two infectious diseases. From this conclusion of sentiment analysis, we may infer that the Naive Bayes classifier may also be able to determine the difference between media coverage on each disease. Therefore, we will use these infectious disease labels within our Naive Bayes classifier to try to accurately predict long covid messaging within the media. \n \n::: {.panel-tabset}\n\n## Feature Selection\nUsing the text data provided from the News API, we'll first conduct a feature selection on the data in order to determine the words/phrases that are highly correlated with the classification label. The following code goes through this feature selection. \n\n```{python}\n#| code-fold: true\n\nall_news = pd.read_csv(\"../../data/01-modified-data/news_clean.csv\")\nnews = all_news['all_text'].tolist()\ny = all_news['topic'].tolist()\ny=np.array(y)\n\n# PARAMETERS TO CONTROL SIZE OF FEATURE SPACE WITH COUNT-VECTORIZER\n# minDF = 0.01 means \"ignore terms that appear in less than 1% of the documents\". \n# minDF = 5 means \"ignore terms that appear in less than 5 documents\".\n# max_features=int, default=None\n#   If not None, build a vocabulary that only consider the top max_features ordered by term frequency across the corpus.\n\nfrom sklearn.feature_extraction.text import CountVectorizer\n\ndef vectorize(corpus,MAX_FEATURES):\n    vectorizer=CountVectorizer(max_features=MAX_FEATURES,stop_words=\"english\")   \n    # RUN COUNT VECTORIZER ON OUR COURPUS \n    Xs  =  vectorizer.fit_transform(corpus)   \n    X=np.array(Xs.todense())\n    #CONVERT TO ONE-HOT VECTORS (can also be done with binary=true in CountVectorizer)\n    maxs=np.max(X,axis=0)\n    return (np.ceil(X/maxs),vectorizer.vocabulary_)\n\n(x,vocab0)=vectorize(news,MAX_FEATURES=10000)\n\nvocab1 = dict([(value, key) for key, value in vocab0.items()])\n\ndf2=pd.DataFrame(x)\ns = df2.sum(axis=0)\ndf2=df2[s.sort_values(ascending=False).index[:]]\n\ni1=0\nvocab2={}\nfor i2 in list(df2.columns):\n    # print(i2)\n    vocab2[i1]=vocab1[int(i2)]\n    i1+=1\n\ndf2.columns = range(df2.columns.size)\nx=df2.to_numpy()\nx\n```\n\n## Results\n\nNow, we'll take the selected features and run a Multinomial Navie Bayes model in order to classify the test and determine the accuracy. \n\n```{python}\n#| code-fold: true\n#Split to train and test data\n\nimport random\nN=x.shape[0]\nl = [*range(N)]     # indices\ncut = int(0.8 * N) #80% of the list\nrandom.shuffle(l)   # randomize\ntrain_index = l[:cut] # first 80% of shuffled list\ntest_index = l[cut:] # last 20% of shuffled list\n\nfrom sklearn.naive_bayes import MultinomialNB\nfrom sklearn.metrics import accuracy_score\nimport time\n\ndef train_MNB_model(X,Y,i_print=False):\n\n    if(i_print):\n        print(X.shape,Y.shape)\n\n    #SPLIT\n    x_train=X[train_index]\n    y_train=Y[train_index].flatten()\n\n    x_test=X[test_index]\n    y_test=Y[test_index].flatten()\n\n    # INITIALIZE MODEL \n    model = MultinomialNB()\n\n    # TRAIN MODEL \n    start = time.process_time()\n    model.fit(x_train,y_train)\n    time_train=time.process_time() - start\n\n    # LABEL PREDICTIONS FOR TRAINING AND TEST SET \n    start = time.process_time()\n    yp_train = model.predict(x_train)\n    yp_test = model.predict(x_test)\n    time_eval=time.process_time() - start\n\n    acc_train= accuracy_score(y_train, yp_train)*100\n    acc_test= accuracy_score(y_test, yp_test)*100\n\n    if(i_print):\n        print(acc_train,acc_test,time_train,time_eval)\n\n    return (acc_train,acc_test,time_train,time_eval, y_test, yp_test)\n\n\n#TEST\nacc_train,acc_test,time_train,time_eval,y_test, y_pred =train_MNB_model(x,y,i_print=False)\nprint(\"Training Accuracy: \", acc_train)\nprint(\"Training Time: \", time_train)\nprint(\"---\")\nprint(\"Testing Accuracy: \", acc_test)\nprint(\"Testing Time: \", time_eval)\n```\n\n## Confusion Matrix\n\nWe can see that the testing accuracy score is fairly high, but it could be better. Let's analyze this further through some visualizations: \n\n```{python}\n#| code-fold: true\nconf_matrix = confusion_matrix(y_test, y_pred)\n\n# Plot the confusion matrix as a heatmap\nplt.figure(figsize=(8, 6))\nsns.heatmap(conf_matrix, annot=True, fmt='g', cmap='Blues')\nplt.xlabel('Predicted')\nplt.ylabel('Actual')\nplt.title('Confusion Matrix')\nplt.show()\n```\n\n## Accuracy Plots\n\n```{python}\n#| code-fold: true\n##UTILITY FUNCTION TO INITIALIZE RELEVANT ARRAYS\ndef initialize_arrays():\n    global num_features,train_accuracies\n    global test_accuracies,train_time,eval_time\n    num_features=[]\n    train_accuracies=[]\n    test_accuracies=[]\n    train_time=[]\n    eval_time=[]\n\n# INITIALIZE ARRAYS\ninitialize_arrays()\n\n# DEFINE SEARCH FUNCTION\ndef partial_grid_search(num_runs, min_index, max_index):\n    for i in range(1, num_runs+1):\n        # SUBSET FEATURES \n        upper_index=min_index+i*int((max_index-min_index)/num_runs)\n        xtmp=x[:,0:upper_index]\n\n        #TRAIN \n        (acc_train,acc_test,time_train,time_eval,y_test,y_pred)=train_MNB_model(xtmp,y,i_print=False)\n\n        if(i%5==0):\n            print(i,upper_index,xtmp.shape[1],acc_train,acc_test)\n            \n        #RECORD \n        num_features.append(xtmp.shape[1])\n        train_accuracies.append(acc_train)\n        test_accuracies.append(acc_test)\n        train_time.append(time_train)\n        eval_time.append(time_eval)\n\n# DENSE SEARCH (SMALL NUMBER OF FEATURES (FAST))\npartial_grid_search(num_runs=50, min_index=0, max_index=500)\n\n# SPARSE SEARCH (LARGE NUMBER OF FEATURES (SLOWER))\npartial_grid_search(num_runs=10, min_index=500, max_index=5000)\n\n#PLOT-1\nplt.plot(num_features,train_accuracies,'-or')\nplt.plot(num_features,test_accuracies,'-ob')\nplt.xlabel('Number of features')\nplt.ylabel('ACCURACY: Training (blue) and Test (red)')\nplt.show()\n\n# #PLOT-2\nplt.plot(num_features,train_time,'-or')\nplt.plot(num_features,eval_time,'-ob')\nplt.xlabel('Number of features')\nplt.ylabel('Runtime: training time (red) and evaluation time(blue)')\nplt.show()\n\n# #PLOT-3\nplt.plot(np.array(train_accuracies),train_time,'-or')\nplt.plot(np.array(test_accuracies),eval_time,'-ob')\nplt.xlabel('test_accuracies')\nplt.ylabel('Runtime: training time (red) and evaluation time (blue)')\nplt.show()\n\n# #PLOT-4\nplt.plot(num_features,np.array(train_accuracies)-np.array(test_accuracies),'-og')\nplt.xlabel('Number of features')\nplt.ylabel('train_accuracies - test_accuracies')\nplt.show()\n```\n\n:::\n\nFrom these images, we can see that the confusion matrix shows a correlation between the actual and predict topic labels for each article, with the best predictions on the media related to influenza. Additionally, the training and testing accuracy is quite different, with the training data leveling in its accuracy at approximately 87\\% at around 100 features, while the testing accuracy was close to 100\\% when ran on 500 features. Runtime is also approximately the same in pattern, however, the testing model does take a longer time than the train. Thus, while the testing accuracy is very good for this model, there could be a few reasons why the difference between train and test is so drastic. Primarily, the data set may be too small to accurately predict these topics, and therefore, the model is overfitting. In the same regard, the train and test split may not have been randomized enough to provide an accurate modeling scenario. Lastly, this could also mean that differences between media coverage on these infectious diseases is quite minimal and therefore cannot be classified by a model. \n\n### CDC Long Covid Survey\n\nFirst, let's prepare the data for Naive Bayes Classification. **Please note that since our feature set is very small (n=3), we will use all the features for our classifier.** If the feature set was larger, we would use `sklearn`'s feature selection tool in order to identify the best features to represent the data without being cross-correlated. \n\n::: {.panel-tabset}\n\n## Model Results\n\n```{python}\n#| warning: false\n#| code-fold: true\n\ncdc = pd.read_csv(\"../../data/01-modified-data/cdc_clean.csv\")\ncdc_naive = cdc[['group', 'subgroup', 'value', 'key']]\ncdc_naive['group'] = cdc_naive['group'].astype('category').cat.codes\ncdc_naive['subgroup'] = cdc_naive['subgroup'].astype('category').cat.codes\n\n\nX_train, X_test, y_train, y_test = train_test_split(cdc_naive[['group', 'subgroup', 'value']], cdc_naive['key'], test_size = 0.2, random_state = 5000)\n\nclassifier = GaussianNB()\nclassifier.fit(X_train, y_train)\n\ny_predicted = classifier.predict(X_test)\nprint(\"The accuray of the multinomial naive bayes model is: \", accuracy_score(y_test, y_predicted))\n\n# Classfier report\nprint(classification_report(y_test, y_predicted))\n``` \n\n## Confusion Matrix \n\n```{python}\n#| code-fold: true\nconf_matrix = confusion_matrix(y_test, y_predicted)\n\n# Plot the confusion matrix as a heatmap\nplt.figure(figsize=(8, 6))\nsns.heatmap(conf_matrix, annot=True, fmt='g', cmap='Blues', xticklabels=['Class 0', 'Class 1', 'Class 2', 'Class 3', 'Class 4', 'Class 5', 'Class 6', 'Class 7', 'Class 8'],\n            yticklabels=['Class 0', 'Class 1', 'Class 2', 'Class 3', 'Class 4', 'Class 5', 'Class 6', 'Class 7', 'Class 8'])\nplt.xlabel('Predicted')\nplt.ylabel('Actual')\nplt.title('Confusion Matrix')\nplt.show()\n```\n\n## Distribution Plot\n\n```{python}\n#| code-fold: true\nplt.figure(figsize=(6, 4))\ncdc_naive['key'].value_counts().plot(kind='bar', color='green')\nplt.xlabel('Class')\nplt.ylabel('Count')\nplt.title('Class Distribution')\nplt.xticks(rotation=0)\nplt.show()\n```\n\n## Density Plots\n\n```{python}\n#| code-fold: true\nfeature_columns = ['group', 'subgroup', 'value']  \nfig, axs = plt.subplots(1, 3, figsize=(12, 6))\n\nfor feature, ax in zip(feature_columns, axs.ravel()):\n    for class_label in cdc_naive['key'].unique():  # Replace 'label_column' with your actual label column name\n        sns.histplot(cdc_naive[cdc_naive['key'] == class_label][feature], kde=True, label=f'Class {class_label}', ax = ax)\n        \n    ax.set_title(f'Distribution of {feature} by Class')\n    ax.set_xlabel(feature)\n    ax.set_ylabel('Density')\n\nplt.show()\n```\n\n## Reminder: Key Definitions\n\n![CDC Keys](images/cdc_keys_clean.png){fig-align='center'}\n\n:::\n\nAfter training the classifier on our training data and running predictions of the test set, we can see that the Gaussian Naive Bayes classifier had an accuracy score of approximately 70%. Thus, given the demographic grouping, subgrouping, and estimated percentage of the survey group, we are able to predict the person's experience with Long Covid with approximately 70% accuracy. Let's take a closer look at the classifier though visualizations. \n\nHere, we can see that the confusion matrix shows a strong correlation along the diagonal, meaning that the predicted classes correctly correlate to the actual classes. There are a few cases where the classifier incorrectly classified the objects, such as predicting class 0 instead of class 4 or predicting class 6 instead of class 2. Rather than the classifier itself, this may also be an issue with the 'closeness' of these classes. \n\nWe can also look at the class distribution within the dataset, first overall, and then by feature. \n\nFrom these visualizations, we can see that class 7 and 8 are the least represented within the dataset, primarily because they represent extreme cases of inactivity or immobility due to Long Covid from patients who are currently experiencing Long Covid and those who have previously experienced symptoms. Additionally, and what is more surprising, is that the distributions for each class when viewing through group and subgroup are not nearly as distinct as when viewing classes through the value feature. Thus, we can say that the classifier heavily depended on the `value` feature to predict the classes.\n\n## Conclude\n\nThus, after creating a Gaussian and Multinomial Naive Bayes models on CDC and Long Covid media coverage data, we can conclude a few things. Primarily, the long covid media coverage collected seems to be \"different\" to some degree in comparison to coverage of other diseases. This may be due to journalistic style of writing; however, it may also be attributed to the smaller dataset. Additionally, for the CDC data, we were able to get fairly accurate results of classification of people with differing long covid experiences based on their demographics. With additional information on symptoms, this classifier could be incredibly useful to help individuals understand their severity of long covid in comparison to historical records. \n","srcMarkdownNoYaml":"\n```{python}\n#| echo: false\n#| warning: false\nimport numpy as np \nimport seaborn as sns\nimport pandas as pd\nimport matplotlib.pyplot as plt\nimport scipy\nfrom scipy import stats\nimport sklearn \nimport string\nimport nltk\n\nfrom sklearn.model_selection import train_test_split\nfrom sklearn.feature_extraction.text import TfidfVectorizer \nfrom sklearn.pipeline import make_pipeline\nfrom sklearn import metrics\nfrom sklearn.naive_bayes import MultinomialNB\nfrom sklearn.naive_bayes import GaussianNB\n\nfrom sklearn.feature_extraction.text import CountVectorizer \nfrom sklearn.metrics import classification_report, accuracy_score, confusion_matrix, roc_curve, roc_auc_score\n```\n\n## What is Naive Bayes?\n\n:::: {.columns}\n\n::: {.column width=\"25%\"}\n![*Fig 1*](images/naive_bayes_pic.png){fig-align=\"center\"} \n:::\n\n::: {.column width=\"5%\"}\n<!-- empty column to create gap -->\n:::\n\n::: {.column width=\"70%\"}\nNaive Bayes is a supervised classification technique used to classify data based on a training set containing existing labels. At its core, Naive Bayes is based on Bayesian statistics, or more specifically conditional probabilities. Assuming that the features used to describe the data are conditionally independent, Naive Bayes takes the provided class labels and calculates the probability by multiplying the probabilities of each feature occurring given each class. Through this conditional statement, it then chooses the class with the highest probability based on the feature values to be the predicted value. Thus, Naive Bayes heavily relies on the features being uncorrelated as well as the training data to accurately predict the data at hand. An example of using Naive Bayes in practice is detecting spam emails from an inbox, as shown in *Fig 1*. Naive Bayes would be able to use existing features from the email to determine whether it was spam or not. \n:::\n\n::::\n\nNaive Bayes is especially useful for uncertain, unknown, or incomplete information. It provides a way to estimate the likelihood of an event based on prior knowledge, making it well-suited for classification tasks. The objective of Naive Bayes classification is to accurately predict the class label of an input data point given its features.\n\nAdditionally, there are different types of Naive Bayes classifiers tailored for specific types of data. Gaussian Naive Bayes is suited for continuous data, assuming the features are normally distributed. Multinomial Naive Bayes is commonly used for text classification, specifically when dealing to word frequencies. Lastly, Bernoulli Naive Bayes is effective for binary features, making it useful for tasks like spam detection.\n\nThus, I will be using Naive Bayes (specifically Gaussian and Multinomial) in order to create classifications for both the CDC survey data as well as media coverage of long covid. Given the nature of Long Covid and its recency, Naive Bayes will be very useful in providing more insight of potentially vulnerable groups or grouping of symptoms that should be looked for in people with Long Covid. \n\n## Preparing the Data\nFirst, we'll need to prepare both the labeled text data and the labeled record data. This includes properly formatting and cleaning the data as well as breaking the dataset into train, validate, and testing sets. \n\n### Long Covid News \nTo understand the nature of long covid reporting, we will also need to take a look at the differences between long covid reporting and the reporting of other illnesses or diseases. Thus, let's head back to the News dataset containing news articles from the web for the past month with the key works \"Long Covid\", \"Influeza\", and \"Chickenpox\". As we can concluded in our sentiment analysis, the articles written regarding Long Covid are, in fact, more neutral in comparison to the other two infectious diseases. From this conclusion of sentiment analysis, we may infer that the Naive Bayes classifier may also be able to determine the difference between media coverage on each disease. Therefore, we will use these infectious disease labels within our Naive Bayes classifier to try to accurately predict long covid messaging within the media. \n \n::: {.panel-tabset}\n\n## Feature Selection\nUsing the text data provided from the News API, we'll first conduct a feature selection on the data in order to determine the words/phrases that are highly correlated with the classification label. The following code goes through this feature selection. \n\n```{python}\n#| code-fold: true\n\nall_news = pd.read_csv(\"../../data/01-modified-data/news_clean.csv\")\nnews = all_news['all_text'].tolist()\ny = all_news['topic'].tolist()\ny=np.array(y)\n\n# PARAMETERS TO CONTROL SIZE OF FEATURE SPACE WITH COUNT-VECTORIZER\n# minDF = 0.01 means \"ignore terms that appear in less than 1% of the documents\". \n# minDF = 5 means \"ignore terms that appear in less than 5 documents\".\n# max_features=int, default=None\n#   If not None, build a vocabulary that only consider the top max_features ordered by term frequency across the corpus.\n\nfrom sklearn.feature_extraction.text import CountVectorizer\n\ndef vectorize(corpus,MAX_FEATURES):\n    vectorizer=CountVectorizer(max_features=MAX_FEATURES,stop_words=\"english\")   \n    # RUN COUNT VECTORIZER ON OUR COURPUS \n    Xs  =  vectorizer.fit_transform(corpus)   \n    X=np.array(Xs.todense())\n    #CONVERT TO ONE-HOT VECTORS (can also be done with binary=true in CountVectorizer)\n    maxs=np.max(X,axis=0)\n    return (np.ceil(X/maxs),vectorizer.vocabulary_)\n\n(x,vocab0)=vectorize(news,MAX_FEATURES=10000)\n\nvocab1 = dict([(value, key) for key, value in vocab0.items()])\n\ndf2=pd.DataFrame(x)\ns = df2.sum(axis=0)\ndf2=df2[s.sort_values(ascending=False).index[:]]\n\ni1=0\nvocab2={}\nfor i2 in list(df2.columns):\n    # print(i2)\n    vocab2[i1]=vocab1[int(i2)]\n    i1+=1\n\ndf2.columns = range(df2.columns.size)\nx=df2.to_numpy()\nx\n```\n\n## Results\n\nNow, we'll take the selected features and run a Multinomial Navie Bayes model in order to classify the test and determine the accuracy. \n\n```{python}\n#| code-fold: true\n#Split to train and test data\n\nimport random\nN=x.shape[0]\nl = [*range(N)]     # indices\ncut = int(0.8 * N) #80% of the list\nrandom.shuffle(l)   # randomize\ntrain_index = l[:cut] # first 80% of shuffled list\ntest_index = l[cut:] # last 20% of shuffled list\n\nfrom sklearn.naive_bayes import MultinomialNB\nfrom sklearn.metrics import accuracy_score\nimport time\n\ndef train_MNB_model(X,Y,i_print=False):\n\n    if(i_print):\n        print(X.shape,Y.shape)\n\n    #SPLIT\n    x_train=X[train_index]\n    y_train=Y[train_index].flatten()\n\n    x_test=X[test_index]\n    y_test=Y[test_index].flatten()\n\n    # INITIALIZE MODEL \n    model = MultinomialNB()\n\n    # TRAIN MODEL \n    start = time.process_time()\n    model.fit(x_train,y_train)\n    time_train=time.process_time() - start\n\n    # LABEL PREDICTIONS FOR TRAINING AND TEST SET \n    start = time.process_time()\n    yp_train = model.predict(x_train)\n    yp_test = model.predict(x_test)\n    time_eval=time.process_time() - start\n\n    acc_train= accuracy_score(y_train, yp_train)*100\n    acc_test= accuracy_score(y_test, yp_test)*100\n\n    if(i_print):\n        print(acc_train,acc_test,time_train,time_eval)\n\n    return (acc_train,acc_test,time_train,time_eval, y_test, yp_test)\n\n\n#TEST\nacc_train,acc_test,time_train,time_eval,y_test, y_pred =train_MNB_model(x,y,i_print=False)\nprint(\"Training Accuracy: \", acc_train)\nprint(\"Training Time: \", time_train)\nprint(\"---\")\nprint(\"Testing Accuracy: \", acc_test)\nprint(\"Testing Time: \", time_eval)\n```\n\n## Confusion Matrix\n\nWe can see that the testing accuracy score is fairly high, but it could be better. Let's analyze this further through some visualizations: \n\n```{python}\n#| code-fold: true\nconf_matrix = confusion_matrix(y_test, y_pred)\n\n# Plot the confusion matrix as a heatmap\nplt.figure(figsize=(8, 6))\nsns.heatmap(conf_matrix, annot=True, fmt='g', cmap='Blues')\nplt.xlabel('Predicted')\nplt.ylabel('Actual')\nplt.title('Confusion Matrix')\nplt.show()\n```\n\n## Accuracy Plots\n\n```{python}\n#| code-fold: true\n##UTILITY FUNCTION TO INITIALIZE RELEVANT ARRAYS\ndef initialize_arrays():\n    global num_features,train_accuracies\n    global test_accuracies,train_time,eval_time\n    num_features=[]\n    train_accuracies=[]\n    test_accuracies=[]\n    train_time=[]\n    eval_time=[]\n\n# INITIALIZE ARRAYS\ninitialize_arrays()\n\n# DEFINE SEARCH FUNCTION\ndef partial_grid_search(num_runs, min_index, max_index):\n    for i in range(1, num_runs+1):\n        # SUBSET FEATURES \n        upper_index=min_index+i*int((max_index-min_index)/num_runs)\n        xtmp=x[:,0:upper_index]\n\n        #TRAIN \n        (acc_train,acc_test,time_train,time_eval,y_test,y_pred)=train_MNB_model(xtmp,y,i_print=False)\n\n        if(i%5==0):\n            print(i,upper_index,xtmp.shape[1],acc_train,acc_test)\n            \n        #RECORD \n        num_features.append(xtmp.shape[1])\n        train_accuracies.append(acc_train)\n        test_accuracies.append(acc_test)\n        train_time.append(time_train)\n        eval_time.append(time_eval)\n\n# DENSE SEARCH (SMALL NUMBER OF FEATURES (FAST))\npartial_grid_search(num_runs=50, min_index=0, max_index=500)\n\n# SPARSE SEARCH (LARGE NUMBER OF FEATURES (SLOWER))\npartial_grid_search(num_runs=10, min_index=500, max_index=5000)\n\n#PLOT-1\nplt.plot(num_features,train_accuracies,'-or')\nplt.plot(num_features,test_accuracies,'-ob')\nplt.xlabel('Number of features')\nplt.ylabel('ACCURACY: Training (blue) and Test (red)')\nplt.show()\n\n# #PLOT-2\nplt.plot(num_features,train_time,'-or')\nplt.plot(num_features,eval_time,'-ob')\nplt.xlabel('Number of features')\nplt.ylabel('Runtime: training time (red) and evaluation time(blue)')\nplt.show()\n\n# #PLOT-3\nplt.plot(np.array(train_accuracies),train_time,'-or')\nplt.plot(np.array(test_accuracies),eval_time,'-ob')\nplt.xlabel('test_accuracies')\nplt.ylabel('Runtime: training time (red) and evaluation time (blue)')\nplt.show()\n\n# #PLOT-4\nplt.plot(num_features,np.array(train_accuracies)-np.array(test_accuracies),'-og')\nplt.xlabel('Number of features')\nplt.ylabel('train_accuracies - test_accuracies')\nplt.show()\n```\n\n:::\n\nFrom these images, we can see that the confusion matrix shows a correlation between the actual and predict topic labels for each article, with the best predictions on the media related to influenza. Additionally, the training and testing accuracy is quite different, with the training data leveling in its accuracy at approximately 87\\% at around 100 features, while the testing accuracy was close to 100\\% when ran on 500 features. Runtime is also approximately the same in pattern, however, the testing model does take a longer time than the train. Thus, while the testing accuracy is very good for this model, there could be a few reasons why the difference between train and test is so drastic. Primarily, the data set may be too small to accurately predict these topics, and therefore, the model is overfitting. In the same regard, the train and test split may not have been randomized enough to provide an accurate modeling scenario. Lastly, this could also mean that differences between media coverage on these infectious diseases is quite minimal and therefore cannot be classified by a model. \n\n### CDC Long Covid Survey\n\nFirst, let's prepare the data for Naive Bayes Classification. **Please note that since our feature set is very small (n=3), we will use all the features for our classifier.** If the feature set was larger, we would use `sklearn`'s feature selection tool in order to identify the best features to represent the data without being cross-correlated. \n\n::: {.panel-tabset}\n\n## Model Results\n\n```{python}\n#| warning: false\n#| code-fold: true\n\ncdc = pd.read_csv(\"../../data/01-modified-data/cdc_clean.csv\")\ncdc_naive = cdc[['group', 'subgroup', 'value', 'key']]\ncdc_naive['group'] = cdc_naive['group'].astype('category').cat.codes\ncdc_naive['subgroup'] = cdc_naive['subgroup'].astype('category').cat.codes\n\n\nX_train, X_test, y_train, y_test = train_test_split(cdc_naive[['group', 'subgroup', 'value']], cdc_naive['key'], test_size = 0.2, random_state = 5000)\n\nclassifier = GaussianNB()\nclassifier.fit(X_train, y_train)\n\ny_predicted = classifier.predict(X_test)\nprint(\"The accuray of the multinomial naive bayes model is: \", accuracy_score(y_test, y_predicted))\n\n# Classfier report\nprint(classification_report(y_test, y_predicted))\n``` \n\n## Confusion Matrix \n\n```{python}\n#| code-fold: true\nconf_matrix = confusion_matrix(y_test, y_predicted)\n\n# Plot the confusion matrix as a heatmap\nplt.figure(figsize=(8, 6))\nsns.heatmap(conf_matrix, annot=True, fmt='g', cmap='Blues', xticklabels=['Class 0', 'Class 1', 'Class 2', 'Class 3', 'Class 4', 'Class 5', 'Class 6', 'Class 7', 'Class 8'],\n            yticklabels=['Class 0', 'Class 1', 'Class 2', 'Class 3', 'Class 4', 'Class 5', 'Class 6', 'Class 7', 'Class 8'])\nplt.xlabel('Predicted')\nplt.ylabel('Actual')\nplt.title('Confusion Matrix')\nplt.show()\n```\n\n## Distribution Plot\n\n```{python}\n#| code-fold: true\nplt.figure(figsize=(6, 4))\ncdc_naive['key'].value_counts().plot(kind='bar', color='green')\nplt.xlabel('Class')\nplt.ylabel('Count')\nplt.title('Class Distribution')\nplt.xticks(rotation=0)\nplt.show()\n```\n\n## Density Plots\n\n```{python}\n#| code-fold: true\nfeature_columns = ['group', 'subgroup', 'value']  \nfig, axs = plt.subplots(1, 3, figsize=(12, 6))\n\nfor feature, ax in zip(feature_columns, axs.ravel()):\n    for class_label in cdc_naive['key'].unique():  # Replace 'label_column' with your actual label column name\n        sns.histplot(cdc_naive[cdc_naive['key'] == class_label][feature], kde=True, label=f'Class {class_label}', ax = ax)\n        \n    ax.set_title(f'Distribution of {feature} by Class')\n    ax.set_xlabel(feature)\n    ax.set_ylabel('Density')\n\nplt.show()\n```\n\n## Reminder: Key Definitions\n\n![CDC Keys](images/cdc_keys_clean.png){fig-align='center'}\n\n:::\n\nAfter training the classifier on our training data and running predictions of the test set, we can see that the Gaussian Naive Bayes classifier had an accuracy score of approximately 70%. Thus, given the demographic grouping, subgrouping, and estimated percentage of the survey group, we are able to predict the person's experience with Long Covid with approximately 70% accuracy. Let's take a closer look at the classifier though visualizations. \n\nHere, we can see that the confusion matrix shows a strong correlation along the diagonal, meaning that the predicted classes correctly correlate to the actual classes. There are a few cases where the classifier incorrectly classified the objects, such as predicting class 0 instead of class 4 or predicting class 6 instead of class 2. Rather than the classifier itself, this may also be an issue with the 'closeness' of these classes. \n\nWe can also look at the class distribution within the dataset, first overall, and then by feature. \n\nFrom these visualizations, we can see that class 7 and 8 are the least represented within the dataset, primarily because they represent extreme cases of inactivity or immobility due to Long Covid from patients who are currently experiencing Long Covid and those who have previously experienced symptoms. Additionally, and what is more surprising, is that the distributions for each class when viewing through group and subgroup are not nearly as distinct as when viewing classes through the value feature. Thus, we can say that the classifier heavily depended on the `value` feature to predict the classes.\n\n## Conclude\n\nThus, after creating a Gaussian and Multinomial Naive Bayes models on CDC and Long Covid media coverage data, we can conclude a few things. Primarily, the long covid media coverage collected seems to be \"different\" to some degree in comparison to coverage of other diseases. This may be due to journalistic style of writing; however, it may also be attributed to the smaller dataset. Additionally, for the CDC data, we were able to get fairly accurate results of classification of people with differing long covid experiences based on their demographics. With additional information on symptoms, this classifier could be incredibly useful to help individuals understand their severity of long covid in comparison to historical records. \n"},"formats":{"html":{"identifier":{"display-name":"HTML","target-format":"html","base-format":"html"},"execute":{"fig-width":7,"fig-height":5,"fig-format":"retina","fig-dpi":96,"df-print":"default","error":false,"eval":true,"cache":null,"freeze":false,"echo":true,"output":true,"warning":true,"include":true,"keep-md":false,"keep-ipynb":false,"ipynb":null,"enabled":null,"daemon":null,"daemon-restart":false,"debug":false,"ipynb-filters":[],"engine":"jupyter"},"render":{"keep-tex":false,"keep-source":false,"keep-hidden":false,"prefer-html":false,"output-divs":true,"output-ext":"html","fig-align":"default","fig-pos":null,"fig-env":null,"code-fold":"none","code-overflow":"scroll","code-link":false,"code-line-numbers":false,"code-tools":false,"tbl-colwidths":"auto","merge-includes":true,"inline-includes":false,"preserve-yaml":false,"latex-auto-mk":true,"latex-auto-install":true,"latex-clean":true,"latex-max-runs":10,"latex-makeindex":"makeindex","latex-makeindex-opts":[],"latex-tlmgr-opts":[],"latex-input-paths":[],"latex-output-dir":null,"link-external-icon":false,"link-external-newwindow":false,"self-contained-math":false,"format-resources":[],"notebook-links":true,"format-links":true},"pandoc":{"standalone":true,"wrap":"none","default-image-extension":"png","to":"html","css":["styles.css"],"toc":true,"output-file":"naive-bayes.html"},"language":{"toc-title-document":"Table of contents","toc-title-website":"On this page","related-formats-title":"Other Formats","related-notebooks-title":"Notebooks","source-notebooks-prefix":"Source","section-title-abstract":"Abstract","section-title-appendices":"Appendices","section-title-footnotes":"Footnotes","section-title-references":"References","section-title-reuse":"Reuse","section-title-copyright":"Copyright","section-title-citation":"Citation","appendix-attribution-cite-as":"For attribution, please cite this work as:","appendix-attribution-bibtex":"BibTeX citation:","title-block-author-single":"Author","title-block-author-plural":"Authors","title-block-affiliation-single":"Affiliation","title-block-affiliation-plural":"Affiliations","title-block-published":"Published","title-block-modified":"Modified","callout-tip-title":"Tip","callout-note-title":"Note","callout-warning-title":"Warning","callout-important-title":"Important","callout-caution-title":"Caution","code-summary":"Code","code-tools-menu-caption":"Code","code-tools-show-all-code":"Show All Code","code-tools-hide-all-code":"Hide All Code","code-tools-view-source":"View Source","code-tools-source-code":"Source Code","code-line":"Line","code-lines":"Lines","copy-button-tooltip":"Copy to Clipboard","copy-button-tooltip-success":"Copied!","repo-action-links-edit":"Edit this page","repo-action-links-source":"View source","repo-action-links-issue":"Report an issue","back-to-top":"Back to top","search-no-results-text":"No results","search-matching-documents-text":"matching documents","search-copy-link-title":"Copy link to search","search-hide-matches-text":"Hide additional matches","search-more-match-text":"more match in this document","search-more-matches-text":"more matches in this document","search-clear-button-title":"Clear","search-detached-cancel-button-title":"Cancel","search-submit-button-title":"Submit","search-label":"Search","toggle-section":"Toggle section","toggle-sidebar":"Toggle sidebar navigation","toggle-dark-mode":"Toggle dark mode","toggle-reader-mode":"Toggle reader mode","toggle-navigation":"Toggle navigation","crossref-fig-title":"Figure","crossref-tbl-title":"Table","crossref-lst-title":"Listing","crossref-thm-title":"Theorem","crossref-lem-title":"Lemma","crossref-cor-title":"Corollary","crossref-prp-title":"Proposition","crossref-cnj-title":"Conjecture","crossref-def-title":"Definition","crossref-exm-title":"Example","crossref-exr-title":"Exercise","crossref-ch-prefix":"Chapter","crossref-apx-prefix":"Appendix","crossref-sec-prefix":"Section","crossref-eq-prefix":"Equation","crossref-lof-title":"List of Figures","crossref-lot-title":"List of Tables","crossref-lol-title":"List of Listings","environment-proof-title":"Proof","environment-remark-title":"Remark","environment-solution-title":"Solution","listing-page-order-by":"Order By","listing-page-order-by-default":"Default","listing-page-order-by-date-asc":"Oldest","listing-page-order-by-date-desc":"Newest","listing-page-order-by-number-desc":"High to Low","listing-page-order-by-number-asc":"Low to High","listing-page-field-date":"Date","listing-page-field-title":"Title","listing-page-field-description":"Description","listing-page-field-author":"Author","listing-page-field-filename":"File Name","listing-page-field-filemodified":"Modified","listing-page-field-subtitle":"Subtitle","listing-page-field-readingtime":"Reading Time","listing-page-field-categories":"Categories","listing-page-minutes-compact":"{0} min","listing-page-category-all":"All","listing-page-no-matches":"No matching items"},"metadata":{"lang":"en","fig-responsive":true,"quarto-version":"1.3.450","theme":"minty","title":"Naive Bayes"},"extensions":{"book":{"multiFile":true}}}},"projectFormats":["html"]}